datetime,Davistemp,Davishumidity,BlackGlobetemp,Airvelocity,TotalSeconds,latitude,longitude
2026-04-30 13:37:15,20.9,25.3,30.0,0.0,605.0,51.0235262,3.7103638666666665
2026-04-30 13:37:20,21.3,25.6,30.2,1.3,610.0,51.02353239999999,3.7103159999999997
2026-04-30 13:37:25,21.7,25.9,30.5,0.0,615.0,51.02353735,3.71025215
2026-04-30 13:37:30,22.0,26.6,30.6,4.0,620.0,51.0235524,3.7101724
2026-04-30 13:37:35,21.6,27.5,30.9,5.5,625.0,51.023581683333326,3.710092133333333
2026-04-30 13:37:40,21.8,27.4,31.2,1.9,630.0,51.0236131,3.7100198
2026-04-30 13:37:45,22.0,26.9,31.5,3.8,635.0,51.02365285,3.7099703833333333
2026-04-30 13:37:50,22.1,26.5,31.7,2.7,640.0,51.02370953333333,3.7099217666666666
2026-04-30 13:37:55,22.4,26.3,31.9,1.8,645.0,51.023770999999996,3.7098836
2026-04-30 13:38:00,22.4,26.1,32.1,2.8,650.0,51.02383289999999,3.7098536999999996
2026-04-30 13:38:05,21.8,25.8,32.4,9.8,655.0,51.02389596666666,3.7098287666666665
2026-04-30 13:38:10,20.4,25.7,32.6,11.1,660.0,51.0239633,3.7098151
2026-04-30 13:38:15,19.7,25.7,33.5,6.9,665.0,51.024031550000004,3.709798933333333
2026-04-30 13:38:20,19.5,26.2,33.7,7.4,670.0,51.02409426666666,3.7097980999999995
2026-04-30 13:38:25,19.4,27.1,34.1,5.7,675.0,51.0241512,3.7098079999999998
2026-04-30 13:38:30,19.5,27.6,34.3,2.9,680.0,51.0242055,3.7098237999999997
2026-04-30 13:38:35,19.9,27.9,34.4,4.6,685.0,51.02426178333333,3.70984465
2026-04-30 13:38:40,20.4,28.5,34.6,6.0,690.0,51.0243242,3.7098779
2026-04-30 13:38:45,20.4,28.4,34.6,5.9,695.0,51.02437528333333,3.709912483333333
2026-04-30 13:38:50,20.5,28.2,34.8,9.3,700.0,51.0244273,3.7099351999999994
2026-04-30 13:38:55,20.4,27.9,34.8,4.1,705.0,51.0244803,3.7099582499999997
2026-04-30 13:39:00,20.4,27.9,34.8,5.7,710.0,51.02453383333333,3.709982133333333
2026-04-30 13:39:05,20.5,27.7,34.8,8.7,715.0,51.02458846666666,3.7100049166666667
2026-04-30 13:39:10,20.3,27.6,34.8,6.4,720.0,51.0246473,3.7100315
2026-04-30 13:39:15,20.0,27.5,34.7,7.4,725.0,51.02471263333333,3.7100769999999996
2026-04-30 13:39:20,19.8,27.9,34.7,10.1,730.0,51.024776966666664,3.7101158999999995
2026-04-30 13:39:25,20.0,28.1,34.6,4.3,735.0,51.02483895,3.71015435
2026-04-30 13:39:30,20.5,28.1,34.5,10.1,740.0,51.024894266666664,3.710193133333333
2026-04-30 13:39:35,20.8,28.2,34.3,7.7,745.0,51.02494425,3.7102327999999996
2026-04-30 13:39:40,20.9,28.3,34.2,8.0,750.0,51.0250045,3.7102788
2026-04-30 13:39:45,20.6,28.2,33.9,3.8,755.0,51.025052499999994,3.7103197999999997
2026-04-30 13:39:50,20.7,28.0,33.7,2.1,760.0,51.02510076666667,3.7103698666666665
2026-04-30 13:39:55,21.0,28.0,33.5,2.4,765.0,51.025157300000004,3.71041965
2026-04-30 13:40:00,20.5,28.5,33.4,4.8,770.0,51.0252152,3.710467333333333
2026-04-30 13:40:05,20.0,29.3,33.1,4.7,775.0,51.025264199999995,3.7105186666666663
2026-04-30 13:40:10,19.8,29.8,33.0,5.0,780.0,51.0253022,3.710587
2026-04-30 13:40:15,19.7,30.0,32.8,6.0,785.0,51.02534636666666,3.710640416666666
2026-04-30 13:40:20,19.7,29.7,32.6,3.8,790.0,51.025397999999996,3.7106033666666667
2026-04-30 13:40:25,19.9,29.4,32.3,1.7,795.0,51.0254426,3.7105338000000003
2026-04-30 13:40:30,20.1,29.4,32.1,1.6,800.0,51.02547336666667,3.7104462999999996
2026-04-30 13:40:35,20.3,29.8,31.8,2.8,805.0,51.02549586666666,3.7103456
2026-04-30 13:40:40,20.5,29.8,31.7,2.5,810.0,51.0255327,3.7102601
2026-04-30 13:40:45,20.8,29.5,31.4,2.5,815.0,51.02558895,3.7102086833333328
2026-04-30 13:40:50,21.1,29.1,31.3,1.3,820.0,51.02564393333333,3.710165733333333
2026-04-30 13:40:55,21.3,29.2,31.2,0.0,825.0,51.02567765,3.7100959500000004
2026-04-30 13:41:00,21.5,28.8,31.0,1.7,830.0,51.02568289999999,3.7100111666666664
2026-04-30 13:41:05,21.5,28.2,30.9,3.0,835.0,51.02566895,3.7099465166666663
2026-04-30 13:41:10,21.5,27.4,30.9,2.2,840.0,51.0256652,3.7099366
2026-04-30 13:41:15,21.2,26.9,30.8,5.0,845.0,51.02570986666666,3.7099317666666662
2026-04-30 13:41:20,21.1,26.5,30.7,1.8,850.0,51.0257668,3.7099222666666662
2026-04-30 13:41:25,21.2,26.1,30.7,2.8,855.0,51.0258111,3.70987225
2026-04-30 13:41:30,21.2,25.9,30.7,1.8,860.0,51.025826366666664,3.7097925
2026-04-30 13:41:35,21.4,25.9,30.7,4.0,865.0,51.02580841666666,3.7097058666666665
2026-04-30 13:41:40,21.4,25.7,30.7,5.3,870.0,51.025769,3.7096127
2026-04-30 13:41:45,21.5,25.3,30.6,6.0,875.0,51.02574108333333,3.7095241999999997
2026-04-30 13:41:50,21.6,25.0,30.6,4.5,880.0,51.025712766666665,3.7094321666666663
2026-04-30 13:41:55,21.8,24.9,30.6,3.1,885.0,51.025678150000005,3.7093421
2026-04-30 13:42:00,22.1,25.1,30.5,1.9,890.0,51.025641666666665,3.7092537
2026-04-30 13:42:05,22.4,25.6,30.5,1.9,895.0,51.02560874999999,3.709165083333333
2026-04-30 13:42:10,22.8,25.8,30.5,2.0,900.0,51.0255765,3.709077
2026-04-30 13:42:15,23.1,25.7,30.6,3.4,905.0,51.02553933333333,3.708987
2026-04-30 13:42:20,23.3,25.2,30.6,0.0,910.0,51.025505633333324,3.708887933333333
2026-04-30 13:42:25,23.3,24.8,30.5,1.7,915.0,51.0254769,3.7087974499999996
2026-04-30 13:42:30,22.9,24.9,30.5,2.7,920.0,51.025452099999995,3.7087132666666665
2026-04-30 13:42:35,22.6,25.2,30.4,4.6,925.0,51.02542726666667,3.7086262333333333
2026-04-30 13:42:40,22.6,25.0,30.5,4.4,930.0,51.0253951,3.7085334
2026-04-30 13:42:45,22.4,24.4,30.4,3.7,935.0,51.02536585,3.7084393166666665
2026-04-30 13:42:50,22.3,24.2,30.5,3.4,940.0,51.02533066666666,3.708338233333333
2026-04-30 13:42:55,22.6,24.4,30.6,1.5,945.0,51.025299149999995,3.7082474
2026-04-30 13:43:00,22.6,25.1,30.8,1.8,950.0,51.025277733333326,3.7081858999999997
2026-04-30 13:43:05,22.9,25.3,31.0,2.5,955.0,51.02526166666666,3.7081447499999998
2026-04-30 13:43:10,22.8,25.2,31.2,2.2,960.0,51.025227,3.708057
2026-04-30 13:43:15,23.0,25.0,31.5,0.0,965.0,51.02522558333333,3.7080393333333332
2026-04-30 13:43:20,23.3,24.9,31.6,0.0,970.0,51.0252297,3.7080336666666667
2026-04-30 13:43:25,23.4,25.0,31.7,3.1,975.0,51.025234749999996,3.7080311999999997
2026-04-30 13:43:30,23.3,25.0,31.9,2.9,980.0,51.025237999999995,3.7080296999999995
2026-04-30 13:43:35,23.2,24.9,32.0,2.0,985.0,51.02523891666665,3.7080276833333325
2026-04-30 13:43:40,23.2,25.2,32.3,2.0,990.0,51.0252395,3.7080186
2026-04-30 13:43:45,22.6,25.2,32.4,4.4,995.0,51.025235249999994,3.7080138499999995
2026-04-30 13:43:50,22.3,25.0,32.5,2.2,1000.0,51.02522073333333,3.7079687666666663
2026-04-30 13:43:55,22.7,25.1,32.7,2.7,1005.0,51.02519515,3.7078943
2026-04-30 13:44:00,22.9,25.1,32.7,3.0,1010.0,51.025166433333325,3.7078101999999995
2026-04-30 13:44:05,22.8,24.8,32.9,4.5,1015.0,51.02513936666666,3.7077257999999995
2026-04-30 13:44:10,22.7,24.5,33.1,2.4,1020.0,51.0251037,3.7076208
2026-04-30 13:44:15,22.7,24.4,33.3,2.8,1025.0,51.025073783333326,3.707527133333333
2026-04-30 13:44:20,22.1,24.3,33.4,3.8,1030.0,51.02504673333333,3.7074298666666663
2026-04-30 13:44:25,22.2,24.3,33.8,2.9,1035.0,51.025019900000004,3.70733155
2026-04-30 13:44:30,22.3,24.6,33.9,4.1,1040.0,51.02498666666666,3.7072315666666666
2026-04-30 13:44:35,22.5,24.8,34.1,3.2,1045.0,51.024949449999994,3.7071300499999995
2026-04-30 13:44:40,22.7,24.9,34.2,2.1,1050.0,51.0249327,3.7070318
2026-04-30 13:44:45,23.1,25.6,34.5,2.5,1055.0,51.02490736666666,3.706937883333333
2026-04-30 13:44:50,23.0,26.0,34.5,5.3,1060.0,51.0248643,3.7068459000000002
2026-04-30 13:44:55,22.6,25.4,34.7,5.6,1065.0,51.02481985,3.7067539
2026-04-30 13:45:00,22.5,24.8,34.9,5.1,1070.0,51.024790466666666,3.7066627333333333
2026-04-30 13:45:05,22.5,24.6,35.0,2.8,1075.0,51.0247781,3.706571583333333
2026-04-30 13:45:10,22.7,24.7,35.1,1.4,1080.0,51.0247556,3.7064735
2026-04-30 13:45:15,22.7,24.9,35.3,1.4,1085.0,51.02474084999999,3.7063653333333333
2026-04-30 13:45:20,22.9,25.1,35.3,1.2,1090.0,51.02471836666666,3.7062665
2026-04-30 13:45:25,23.1,25.2,35.4,2.0,1095.0,51.0246887,3.7061672999999997
2026-04-30 13:45:30,23.1,25.6,35.4,2.5,1100.0,51.0246609,3.7060637666666665
2026-04-30 13:45:35,23.2,25.5,35.5,3.0,1105.0,51.02464128333333,3.7059568333333335
2026-04-30 13:45:40,23.0,25.2,35.5,2.6,1110.0,51.0246222,3.7058515
2026-04-30 13:45:45,23.2,24.8,35.7,1.8,1115.0,51.024599699999996,3.7057519999999995
2026-04-30 13:45:50,22.9,24.5,35.8,3.3,1120.0,51.024575066666664,3.705661433333333
2026-04-30 13:45:55,22.9,24.5,35.8,2.2,1125.0,51.02454825,3.7055707499999997
2026-04-30 13:46:00,23.1,24.5,35.8,2.4,1130.0,51.024521199999995,3.7054777999999997
2026-04-30 13:46:05,22.5,24.5,36.0,6.0,1135.0,51.024495916666666,3.7053836333333328
2026-04-30 13:46:10,22.4,24.5,36.1,3.9,1140.0,51.0244725,3.7052888
2026-04-30 13:46:15,22.6,24.4,36.1,3.1,1145.0,51.02444058333333,3.7051977166666665
2026-04-30 13:46:20,22.6,24.9,36.3,3.6,1150.0,51.024409999999996,3.7051011666666662
2026-04-30 13:46:25,22.2,25.3,36.2,4.4,1155.0,51.024380949999994,3.70500425
2026-04-30 13:46:30,21.3,25.1,36.7,7.9,1160.0,51.02435606666666,3.7049065333333333
2026-04-30 13:46:35,20.8,25.0,37.3,4.6,1165.0,51.02433481666665,3.704808316666666
2026-04-30 13:46:40,21.2,25.3,37.4,1.5,1170.0,51.0243079,3.7047169
2026-04-30 13:46:45,21.6,26.3,37.4,1.5,1175.0,51.02427681666666,3.704625733333333
2026-04-30 13:46:50,21.7,26.9,37.4,5.9,1180.0,51.02424826666666,3.7045317666666664
2026-04-30 13:46:55,21.2,26.8,37.5,7.0,1185.0,51.0242193,3.7044396500000003
2026-04-30 13:47:00,21.5,26.5,37.4,2.2,1190.0,51.02419119999999,3.7043480333333334
2026-04-30 13:47:05,22.1,26.4,37.4,3.6,1195.0,51.02416461666666,3.7042553
2026-04-30 13:47:10,22.2,26.4,37.3,3.7,1200.0,51.0241347,3.7041653
2026-04-30 13:47:15,21.9,26.2,37.3,3.5,1205.0,51.024110449999995,3.704074966666666
2026-04-30 13:47:20,21.9,26.0,37.3,2.8,1210.0,51.02407806666666,3.703977033333333
2026-04-30 13:47:25,22.2,26.1,37.3,2.3,1215.0,51.024048050000005,3.7038751000000003
2026-04-30 13:47:30,22.1,26.2,37.3,7.8,1220.0,51.0240199,3.703778
2026-04-30 13:47:35,20.9,26.0,37.2,7.1,1225.0,51.02399013333333,3.7036889666666664
2026-04-30 13:47:40,20.8,25.9,37.2,1.7,1230.0,51.0239603,3.7035948
2026-04-30 13:47:45,20.3,25.9,37.4,2.3,1235.0,51.023931633333326,3.7034948833333328
2026-04-30 13:47:50,20.3,26.0,37.5,5.4,1240.0,51.0238983,3.703397966666666
2026-04-30 13:47:55,20.3,26.2,37.4,4.6,1245.0,51.0238674,3.70330095
2026-04-30 13:48:00,20.3,26.5,37.4,4.6,1250.0,51.02384166666666,3.7032038
2026-04-30 13:48:05,20.3,26.8,37.2,4.2,1255.0,51.02381953333333,3.703106333333333
2026-04-30 13:48:10,20.5,27.1,37.1,2.7,1260.0,51.0237952,3.703005
2026-04-30 13:48:15,20.8,27.3,37.1,8.2,1265.0,51.02377211666666,3.702906916666666
2026-04-30 13:48:20,20.3,27.4,37.0,6.4,1270.0,51.02374676666666,3.7028120999999996
2026-04-30 13:48:25,20.2,27.4,36.9,6.2,1275.0,51.02372105,3.70272385
2026-04-30 13:48:30,20.4,27.5,36.8,5.5,1280.0,51.023695266666664,3.7026372
2026-04-30 13:48:35,20.5,27.5,36.6,3.5,1285.0,51.02366761666666,3.702544483333333
2026-04-30 13:48:40,20.9,27.8,36.5,2.9,1290.0,51.0236337,3.7024409
2026-04-30 13:48:45,21.1,28.0,36.3,2.3,1295.0,51.023602616666665,3.702345066666666
2026-04-30 13:48:50,21.2,27.8,36.1,3.4,1300.0,51.023574599999996,3.702256633333333
2026-04-30 13:48:55,21.2,27.6,35.9,5.5,1305.0,51.023549149999994,3.7021695
2026-04-30 13:49:00,21.3,27.4,35.7,3.0,1310.0,51.02352193333333,3.7020811666666664
2026-04-30 13:49:05,21.6,27.7,35.5,2.5,1315.0,51.02349028333333,3.701991483333333
2026-04-30 13:49:10,21.8,27.8,35.4,2.6,1320.0,51.0234587,3.7019014
2026-04-30 13:49:15,22.3,27.8,35.2,1.6,1325.0,51.023444616666666,3.7018766499999995
2026-04-30 13:49:20,22.5,27.8,35.2,7.2,1330.0,51.02344006666666,3.7018701666666667
2026-04-30 13:49:25,21.7,27.2,35.1,4.5,1335.0,51.02341825,3.70186785
2026-04-30 13:49:30,21.6,26.8,34.9,6.3,1340.0,51.02337216666666,3.7018582999999996
2026-04-30 13:49:35,21.8,26.3,34.8,8.2,1345.0,51.023315866666664,3.701822483333333
2026-04-30 13:49:40,22.2,26.0,34.8,2.6,1350.0,51.0232857,3.7017234
2026-04-30 13:49:45,22.3,26.1,34.6,1.8,1355.0,51.02325853333333,3.7016198166666663
2026-04-30 13:49:50,22.5,26.2,34.5,2.8,1360.0,51.02323723333333,3.7015413666666666
2026-04-30 13:49:55,22.6,26.4,34.3,2.7,1365.0,51.023224299999995,3.7015052500000003
2026-04-30 13:50:00,22.5,26.4,34.3,6.5,1370.0,51.023216633333334,3.7015029666666663
2026-04-30 13:50:05,21.5,25.9,34.2,8.4,1375.0,51.023210799999994,3.701513783333333
2026-04-30 13:50:10,21.7,25.6,34.1,0.0,1380.0,51.0232083,3.7015182
2026-04-30 13:50:15,22.3,25.7,34.0,1.1,1385.0,51.023207799999994,3.7015166999999995
2026-04-30 13:50:20,23.0,25.9,33.9,1.1,1390.0,51.023204299999996,3.7015126666666665
2026-04-30 13:50:25,23.4,26.0,33.8,2.6,1395.0,51.0232003,3.7015088499999997
2026-04-30 13:50:30,23.7,25.7,33.6,2.6,1400.0,51.023198799999996,3.7015073
2026-04-30 13:50:35,23.6,25.5,33.5,5.6,1405.0,51.02320078333332,3.7015072499999997
2026-04-30 13:50:40,23.6,25.1,33.2,2.3,1410.0,51.0232027,3.701503
2026-04-30 13:50:45,24.2,25.1,33.1,2.2,1415.0,51.02320878333333,3.7015004166666663
2026-04-30 13:50:50,24.5,25.0,33.0,1.7,1420.0,51.0232002,3.7015085
2026-04-30 13:50:55,24.7,24.7,33.1,2.3,1425.0,51.02315145,3.70153575
2026-04-30 13:51:00,23.4,24.3,33.1,4.3,1430.0,51.0230816,3.7015491333333332
2026-04-30 13:51:05,23.4,24.1,33.0,3.3,1435.0,51.023025966666665,3.701513883333333
2026-04-30 13:51:10,23.5,24.1,33.2,2.7,1440.0,51.0230078,3.7014333
2026-04-30 13:51:15,23.0,24.3,33.2,2.8,1445.0,51.022986133333326,3.7013984666666664
2026-04-30 13:51:20,22.5,24.3,33.3,3.3,1450.0,51.022938866666664,3.7013746333333333
2026-04-30 13:51:25,22.4,24.3,33.3,3.5,1455.0,51.0229016,3.7013068000000002
2026-04-30 13:51:30,22.1,24.4,33.5,4.9,1460.0,51.02287313333333,3.7012139333333334
2026-04-30 13:51:35,22.2,24.5,33.6,1.4,1465.0,51.022836183333325,3.7011499166666666
2026-04-30 13:51:40,22.3,25.0,33.6,4.3,1470.0,51.0227781,3.7011645
2026-04-30 13:51:45,22.1,25.9,33.8,5.1,1475.0,51.022731016666654,3.701174333333333
2026-04-30 13:51:50,22.3,26.7,33.8,3.1,1480.0,51.02267579999999,3.7011931666666666
2026-04-30 13:51:55,22.3,27.2,33.9,3.9,1485.0,51.02263085,3.7012077000000003
2026-04-30 13:52:00,21.8,27.9,33.9,5.7,1490.0,51.022590699999995,3.7012058333333333
2026-04-30 13:52:05,21.4,28.1,34.1,4.9,1495.0,51.02254565,3.701182033333333
2026-04-30 13:52:10,21.7,27.8,34.1,3.5,1500.0,51.0225014,3.7011427
2026-04-30 13:52:15,21.9,27.4,34.1,3.0,1505.0,51.02245448333333,3.70110195
2026-04-30 13:52:20,22.0,27.0,34.0,2.7,1510.0,51.022415499999994,3.7010446666666663
2026-04-30 13:52:25,22.2,26.8,33.9,2.7,1515.0,51.0223773,3.70098195
2026-04-30 13:52:30,22.4,26.6,33.8,2.1,1520.0,51.02234176666666,3.700916433333333
2026-04-30 13:52:35,22.4,26.4,33.8,2.0,1525.0,51.02231631666666,3.700847483333333
2026-04-30 13:52:40,22.5,26.4,33.6,2.0,1530.0,51.0223104,3.7007764
2026-04-30 13:52:45,22.2,26.6,33.5,3.0,1535.0,51.022311483333326,3.7006683999999996
2026-04-30 13:52:50,22.1,27.2,33.3,3.1,1540.0,51.02230276666667,3.7005756666666665
2026-04-30 13:52:55,22.1,27.7,33.1,3.0,1545.0,51.02227665,3.7004881999999997
2026-04-30 13:53:00,21.5,28.1,33.0,4.4,1550.0,51.02223516666667,3.700416433333333
2026-04-30 13:53:05,21.5,28.4,32.9,3.8,1555.0,51.02218225,3.7003728166666665
2026-04-30 13:53:10,21.7,28.8,32.7,2.2,1560.0,51.022116,3.7003534
2026-04-30 13:53:15,21.5,29.7,32.4,3.7,1565.0,51.022054749999995,3.7003426499999996
2026-04-30 13:53:20,20.9,30.3,32.6,3.7,1570.0,51.02200176666666,3.7003471666666665
2026-04-30 13:53:25,21.0,30.2,32.4,3.4,1575.0,51.021954,3.7003608
2026-04-30 13:53:30,21.2,29.8,32.3,4.0,1580.0,51.0219038,3.7003888
2026-04-30 13:53:35,20.5,29.5,32.3,4.0,1585.0,51.02184619999999,3.7004324499999997
2026-04-30 13:53:40,20.1,29.5,32.3,4.4,1590.0,51.0217862,3.7004737
2026-04-30 13:53:45,19.7,29.7,32.4,5.2,1595.0,51.02173186666666,3.7004994499999997
2026-04-30 13:53:50,19.8,30.0,32.3,3.9,1600.0,51.021684466666656,3.7005279333333334
2026-04-30 13:53:55,20.0,30.2,32.0,2.4,1605.0,51.021637150000004,3.700544
2026-04-30 13:54:00,20.3,30.1,31.8,1.7,1610.0,51.02159233333333,3.7005588
2026-04-30 13:54:05,20.1,30.7,31.5,3.8,1615.0,51.021550399999995,3.700585666666666
2026-04-30 13:54:10,19.7,31.1,31.2,6.1,1620.0,51.0214984,3.700616
2026-04-30 13:54:15,19.6,31.3,31.0,6.9,1625.0,51.02145198333333,3.700669583333333
2026-04-30 13:54:20,19.6,31.5,30.9,7.8,1630.0,51.02141223333333,3.7007244333333333
2026-04-30 13:54:25,19.5,31.3,30.6,7.0,1635.0,51.0213738,3.7007818500000003
2026-04-30 13:54:30,19.4,31.3,30.4,6.7,1640.0,51.02133876666666,3.7008420666666666
2026-04-30 13:54:35,19.2,31.6,30.3,7.3,1645.0,51.02130793333333,3.7009046499999996
2026-04-30 13:54:40,19.4,31.4,30.1,4.8,1650.0,51.0212721,3.7009689
2026-04-30 13:54:45,19.6,31.2,29.7,5.5,1655.0,51.02125043333332,3.701054483333333
2026-04-30 13:54:50,19.6,31.4,29.5,7.5,1660.0,51.02120983333333,3.7011271999999997
2026-04-30 13:54:55,19.4,31.3,29.2,8.3,1665.0,51.0211693,3.70118015
2026-04-30 13:55:00,19.5,31.2,28.9,5.9,1670.0,51.0211255,3.701220833333333
2026-04-30 13:55:05,19.6,31.2,28.6,5.1,1675.0,51.02107471666666,3.701259533333333
2026-04-30 13:55:10,19.4,31.3,28.3,4.2,1680.0,51.0210348,3.7012977
2026-04-30 13:55:15,19.4,31.1,28.0,3.5,1685.0,51.021000799999996,3.70132995
2026-04-30 13:55:20,19.6,30.9,27.8,1.4,1690.0,51.02094566666666,3.7013746
2026-04-30 13:55:25,19.8,30.8,27.5,1.9,1695.0,51.0208831,3.7014084
2026-04-30 13:55:30,19.8,31.3,27.2,6.0,1700.0,51.020817799999996,3.701420566666666
2026-04-30 13:55:35,19.6,31.4,26.9,6.8,1705.0,51.02075083333333,3.7014133499999997
2026-04-30 13:55:40,19.5,31.5,26.8,6.1,1710.0,51.020685,3.7014026
2026-04-30 13:55:45,19.4,31.6,26.5,6.5,1715.0,51.02063533333333,3.7013980166666665
2026-04-30 13:55:50,19.6,31.4,26.3,5.3,1720.0,51.02057633333333,3.7013683
2026-04-30 13:55:55,19.6,31.7,26.0,5.1,1725.0,51.020511150000004,3.7013445000000003
2026-04-30 13:56:00,19.8,31.6,25.9,0.0,1730.0,51.0204492,3.7013520333333334
2026-04-30 13:56:05,19.8,30.7,25.6,1.7,1735.0,51.02039821666666,3.7013950999999996
2026-04-30 13:56:10,19.7,29.9,25.4,3.9,1740.0,51.0203563,3.7014411
2026-04-30 13:56:15,19.5,30.6,25.2,3.3,1745.0,51.02029638333333,3.7014897666666666
2026-04-30 13:56:20,19.4,30.9,25.1,4.1,1750.0,51.020244733333335,3.7015382333333333
2026-04-30 13:56:25,19.2,30.8,24.8,4.4,1755.0,51.02019035,3.70158085
2026-04-30 13:56:30,19.0,30.5,24.9,5.5,1760.0,51.020132366666665,3.7016190999999994
2026-04-30 13:56:35,19.0,31.1,24.7,3.9,1765.0,51.0200756,3.7016545999999995
2026-04-30 13:56:40,19.1,31.7,24.6,2.3,1770.0,51.0200261,3.7016821
2026-04-30 13:56:45,19.3,31.9,24.4,0.0,1775.0,51.01997335,3.7017048499999996
2026-04-30 13:56:50,19.6,32.3,24.3,0.0,1780.0,51.019931333333325,3.7017239999999996
2026-04-30 13:56:55,19.8,32.5,24.1,2.1,1785.0,51.01988445,3.7017417000000004
2026-04-30 13:57:00,19.7,32.1,24.0,5.3,1790.0,51.019831599999996,3.7017499666666667
2026-04-30 13:57:05,19.6,32.0,23.8,4.5,1795.0,51.01977995,3.7017457666666664
2026-04-30 13:57:10,19.4,32.1,23.8,4.2,1800.0,51.0197387,3.7017461
2026-04-30 13:57:15,19.3,31.9,23.7,4.5,1805.0,51.01968844999999,3.7017558499999996
2026-04-30 13:57:20,19.4,31.9,23.5,4.8,1810.0,51.01962753333333,3.7017724
2026-04-30 13:57:25,19.5,32.2,23.4,3.2,1815.0,51.0195778,3.7018098
2026-04-30 13:57:30,19.6,32.4,23.4,2.3,1820.0,51.0195408,3.7018615666666665
2026-04-30 13:57:35,19.6,32.3,23.2,3.9,1825.0,51.01951168333333,3.7019162999999997
2026-04-30 13:57:40,19.6,32.2,23.2,4.4,1830.0,51.0194931,3.7019733
2026-04-30 13:57:45,19.5,33.6,23.1,4.5,1835.0,51.01947143333333,3.7020485499999993
2026-04-30 13:57:50,19.4,34.1,23.1,6.8,1840.0,51.0194547,3.7021178
2026-04-30 13:57:55,19.3,33.9,22.9,6.7,1845.0,51.0194448,3.7021882
2026-04-30 13:58:00,19.5,33.7,22.9,5.1,1850.0,51.01943836666666,3.7022607666666665
2026-04-30 13:58:05,19.6,33.7,22.8,6.3,1855.0,51.019430333333325,3.7023362833333326
2026-04-30 13:58:10,19.4,33.3,22.8,4.8,1860.0,51.0194175,3.7024212
2026-04-30 13:58:15,19.3,32.6,22.8,5.8,1865.0,51.01940825,3.7024914499999992
2026-04-30 13:58:20,19.3,31.7,22.7,5.3,1870.0,51.019409599999996,3.7025802333333333
2026-04-30 13:58:25,19.4,30.7,22.6,2.4,1875.0,51.019428250000004,3.7026744000000003
2026-04-30 13:58:30,19.5,30.1,22.6,1.6,1880.0,51.019450866666666,3.7027689
2026-04-30 13:58:35,19.6,29.7,22.5,2.0,1885.0,51.01946639999999,3.702865883333333
2026-04-30 13:58:40,19.6,29.5,22.4,1.3,1890.0,51.0194884,3.7029738
2026-04-30 13:58:45,19.7,29.3,22.2,1.5,1895.0,51.01950448333333,3.7030567999999997
2026-04-30 13:58:50,19.7,29.2,22.2,1.5,1900.0,51.01953809999999,3.703122933333333
2026-04-30 13:58:55,19.7,29.2,22.0,0.0,1905.0,51.0195807,3.703176
2026-04-30 13:59:00,19.8,29.3,22.0,0.0,1910.0,51.0196269,3.7032178333333334
2026-04-30 13:59:05,19.8,29.5,21.9,1.4,1915.0,51.01967158333333,3.70324215
2026-04-30 13:59:10,19.9,29.6,21.9,1.5,1920.0,51.019707,3.7032284
2026-04-30 13:59:15,19.9,30.1,21.8,1.9,1925.0,51.01973425,3.703220316666666
2026-04-30 13:59:20,19.9,31.2,21.7,3.0,1930.0,51.01977636666666,3.7032080333333326
2026-04-30 13:59:25,19.8,32.5,21.7,4.0,1935.0,51.0198276,3.70319325
2026-04-30 13:59:30,19.7,33.1,21.7,3.4,1940.0,51.01988419999999,3.703181533333333
2026-04-30 13:59:35,19.6,32.9,21.7,3.1,1945.0,51.01994321666666,3.7031765666666665
2026-04-30 13:59:40,19.7,32.6,21.6,3.1,1950.0,51.0200013,3.7031744
2026-04-30 13:59:45,19.8,33.3,21.6,2.3,1955.0,51.02006446666667,3.7031684
2026-04-30 13:59:50,19.8,34.1,21.5,2.6,1960.0,51.0201215,3.7031670666666665
2026-04-30 13:59:55,20.0,34.7,21.5,2.6,1965.0,51.0201803,3.70316695
2026-04-30 14:00:00,20.0,34.3,21.5,2.1,1970.0,51.0202391,3.7031704666666663
2026-04-30 14:00:05,20.1,33.1,21.5,2.2,1975.0,51.02029721666666,3.7031784666666665
2026-04-30 14:00:10,20.1,31.9,21.5,1.5,1980.0,51.0203658,3.7031828
2026-04-30 14:00:15,20.2,31.1,21.5,1.8,1985.0,51.0204353,3.7032190499999995
2026-04-30 14:00:20,20.2,30.6,21.5,2.0,1990.0,51.020501599999996,3.7032589666666667
2026-04-30 14:00:25,20.2,30.4,21.4,2.5,1995.0,51.020572200000004,3.70330595
2026-04-30 14:00:30,20.0,30.4,21.4,4.6,2000.0,51.020642133333325,3.7033507666666665
2026-04-30 14:00:35,19.8,30.7,21.4,5.8,2005.0,51.02070633333332,3.7033866666666664
2026-04-30 14:00:40,20.1,30.9,21.5,6.1,2010.0,51.020772,3.7034245
2026-04-30 14:00:45,20.0,30.6,21.5,5.5,2015.0,51.02084241666666,3.703446
2026-04-30 14:00:50,20.0,29.9,21.5,4.7,2020.0,51.02088503333333,3.7034682999999995
2026-04-30 14:00:55,20.2,29.7,21.5,3.7,2025.0,51.02093775,3.7034806
2026-04-30 14:01:00,20.3,29.8,21.5,3.5,2030.0,51.02100556666666,3.703483
2026-04-30 14:01:05,20.4,30.2,21.6,4.0,2035.0,51.021078016666664,3.703479783333333
2026-04-30 14:01:10,20.4,30.7,21.7,1.4,2040.0,51.0211466,3.7034727
2026-04-30 14:01:15,20.5,30.6,21.8,0.0,2045.0,51.021213599999996,3.703456116666666
2026-04-30 14:01:20,20.6,30.7,21.8,0.0,2050.0,51.02127853333333,3.7034333999999998
2026-04-30 14:01:25,20.7,30.8,21.8,0.0,2055.0,51.0213403,3.70340765
2026-04-30 14:01:30,20.8,31.2,21.9,0.0,2060.0,51.0214004,3.7033799333333333
2026-04-30 14:01:35,20.9,31.4,22.1,0.0,2065.0,51.02145886666666,3.70334845
2026-04-30 14:01:40,21.0,31.8,22.2,0.0,2070.0,51.0215102,3.7033077
2026-04-30 14:01:45,21.1,32.3,22.3,1.3,2075.0,51.021563616666654,3.7032531166666667
2026-04-30 14:01:50,20.9,32.7,22.4,2.0,2080.0,51.021616833333326,3.703194333333333
2026-04-30 14:01:55,20.9,32.2,22.6,1.6,2085.0,51.0216649,3.7031228
2026-04-30 14:02:00,20.9,32.0,22.8,2.5,2090.0,51.02170513333333,3.7030447666666664
2026-04-30 14:02:05,20.7,32.1,23.2,4.8,2095.0,51.02173853333333,3.702966433333333
2026-04-30 14:02:10,20.6,31.9,23.3,4.6,2100.0,51.0217712,3.7028791
2026-04-30 14:02:15,20.5,30.9,23.8,5.8,2105.0,51.02180886666666,3.7027986
2026-04-30 14:02:20,20.0,29.6,23.9,4.2,2110.0,51.02185246666666,3.702726633333333
2026-04-30 14:02:25,19.6,28.6,24.5,4.1,2115.0,51.0218986,3.70267125
2026-04-30 14:02:30,20.0,28.3,24.7,2.9,2120.0,51.021944299999994,3.702628
2026-04-30 14:02:35,20.4,29.0,25.1,1.6,2125.0,51.021987933333335,3.7025871166666664
2026-04-30 14:02:40,20.7,29.8,25.3,2.2,2130.0,51.0220301,3.7025407
2026-04-30 14:02:45,20.5,30.1,25.8,2.3,2135.0,51.02207609999999,3.702482783333333
2026-04-30 14:02:50,20.3,29.8,25.9,2.6,2140.0,51.0220959,3.7024187333333334
2026-04-30 14:02:55,20.4,29.5,26.3,2.4,2145.0,51.02209715,3.70234415
2026-04-30 14:03:00,20.6,29.4,26.5,2.3,2150.0,51.02210353333333,3.7022660999999997
2026-04-30 14:03:05,20.5,29.3,26.9,1.7,2155.0,51.02213295,3.702194733333333
2026-04-30 14:03:10,20.8,29.1,27.1,0.0,2160.0,51.0221757,3.7021349
2026-04-30 14:03:15,21.1,29.7,27.5,1.4,2165.0,51.022205199999995,3.702077733333333
2026-04-30 14:03:20,21.4,30.7,27.8,0.0,2170.0,51.022245766666664,3.7020226999999997
2026-04-30 14:03:25,21.6,31.5,28.1,0.0,2175.0,51.02229545,3.7019764
2026-04-30 14:03:30,21.7,31.7,28.3,0.0,2180.0,51.02234846666666,3.7019277666666666
2026-04-30 14:03:35,21.9,31.6,28.6,0.0,2185.0,51.02239556666666,3.70186275
2026-04-30 14:03:40,22.0,31.4,28.9,1.7,2190.0,51.0224244,3.701779
2026-04-30 14:03:45,22.1,31.0,29.3,3.4,2195.0,51.02243131666666,3.7016855
2026-04-30 14:03:50,22.1,30.1,29.5,1.8,2200.0,51.0224307,3.7016080666666666
2026-04-30 14:03:55,22.1,29.5,29.9,2.3,2205.0,51.02243815,3.7015296
2026-04-30 14:04:00,22.0,29.3,30.1,1.8,2210.0,51.02245563333333,3.7014484333333333
2026-04-30 14:04:05,21.7,29.2,30.5,2.5,2215.0,51.022478583333324,3.701371333333333
2026-04-30 14:04:10,21.7,29.3,30.6,1.7,2220.0,51.022503,3.7013065
2026-04-30 14:04:15,21.5,29.6,30.9,2.5,2225.0,51.02251249999999,3.7012894999999997
2026-04-30 14:04:20,21.5,30.0,31.1,3.0,2230.0,51.02254733333333,3.701255633333333
2026-04-30 14:04:25,21.5,30.5,31.3,2.7,2235.0,51.0225921,3.70122055
2026-04-30 14:04:30,21.2,30.6,31.2,4.9,2240.0,51.02264769999999,3.701187666666666
2026-04-30 14:04:35,20.3,30.5,31.4,6.0,2245.0,51.02271358333333,3.7011590499999993
2026-04-30 14:04:40,20.3,29.6,31.5,2.6,2250.0,51.02277,3.7011463
2026-04-30 14:04:45,20.5,29.1,31.6,6.0,2255.0,51.02281183333332,3.7011974666666667
2026-04-30 14:04:50,20.3,28.7,31.8,7.4,2260.0,51.0228396,3.7012824999999996
2026-04-30 14:04:55,20.4,27.9,31.9,6.6,2265.0,51.02284935,3.7013605
2026-04-30 14:05:00,20.4,27.7,31.9,5.1,2270.0,51.02284846666666,3.7014403999999996
2026-04-30 14:05:05,20.3,27.8,31.9,5.7,2275.0,51.022848499999995,3.701533333333333
2026-04-30 14:05:10,20.2,27.9,31.9,4.0,2280.0,51.022858,3.701605
2026-04-30 14:05:15,20.3,28.1,31.8,6.0,2285.0,51.022869666666665,3.7016737499999994
2026-04-30 14:05:20,20.2,28.2,31.8,4.8,2290.0,51.022862266666664,3.7017501
2026-04-30 14:05:25,20.4,28.5,31.7,2.9,2295.0,51.02286925,3.70183475
2026-04-30 14:05:30,20.4,28.8,31.5,2.6,2300.0,51.02289056666666,3.701926
2026-04-30 14:05:35,20.5,29.0,31.2,2.6,2305.0,51.0229121,3.702020333333333
2026-04-30 14:05:40,20.3,29.3,31.2,3.8,2310.0,51.0229251,3.702113
2026-04-30 14:05:45,20.1,30.0,31.0,4.0,2315.0,51.02294018333333,3.70222725
2026-04-30 14:05:50,19.5,30.5,31.2,10.2,2320.0,51.02295893333333,3.7023265666666667
2026-04-30 14:05:55,19.0,30.0,31.5,14.3,2325.0,51.022976,3.70242265
2026-04-30 14:06:00,18.8,29.1,31.5,14.4,2330.0,51.0229923,3.702523033333333
2026-04-30 14:06:05,18.7,28.5,31.5,11.7,2335.0,51.023008999999995,3.702626199999999
2026-04-30 14:06:10,18.8,28.4,31.2,8.4,2340.0,51.0230215,3.7027167
2026-04-30 14:06:15,18.9,28.7,30.9,7.8,2345.0,51.023042749999995,3.7028087833333334
2026-04-30 14:06:20,19.0,28.9,30.8,8.0,2350.0,51.02306,3.702916533333333
2026-04-30 14:06:25,19.5,29.1,30.4,5.2,2355.0,51.0230808,3.70302215
2026-04-30 14:06:30,19.7,29.2,30.2,7.5,2360.0,51.0230925,3.7031210999999997
2026-04-30 14:06:35,19.6,29.2,29.8,6.9,2365.0,51.023077316666665,3.7032087166666665
2026-04-30 14:06:40,19.2,29.0,29.6,8.9,2370.0,51.0230274,3.7032668
2026-04-30 14:06:45,19.4,28.8,29.2,1.7,2375.0,51.022969399999994,3.7032953
2026-04-30 14:06:50,19.9,28.8,29.0,3.8,2380.0,51.0229102,3.7033233999999995
2026-04-30 14:06:55,20.0,28.9,28.5,6.8,2385.0,51.02285325,3.7033540499999997
2026-04-30 14:07:00,20.3,28.8,28.4,4.2,2390.0,51.02279779999999,3.7033826
2026-04-30 14:07:05,20.3,28.7,27.9,4.3,2395.0,51.02274114999999,3.703405933333333
2026-04-30 14:07:10,20.1,28.6,27.8,4.2,2400.0,51.0226809,3.7034316
2026-04-30 14:07:15,20.2,28.3,27.4,3.7,2405.0,51.02262339999999,3.703466933333333
2026-04-30 14:07:20,20.6,28.0,27.3,3.8,2410.0,51.02257043333333,3.7034946666666664
2026-04-30 14:07:25,20.5,28.0,27.0,3.5,2415.0,51.02251735,3.70352035
2026-04-30 14:07:30,20.4,28.1,26.8,5.9,2420.0,51.02246126666667,3.7035473666666667
2026-04-30 14:07:35,20.0,27.9,26.7,8.5,2425.0,51.0224027,3.703573783333333
2026-04-30 14:07:40,19.4,27.8,26.5,7.7,2430.0,51.0223472,3.7035892
2026-04-30 14:07:45,19.1,27.6,26.4,5.6,2435.0,51.022299366666665,3.703618783333333
2026-04-30 14:07:50,19.0,27.6,26.2,7.0,2440.0,51.02225,3.703652233333333
2026-04-30 14:07:55,18.9,27.9,26.1,5.2,2445.0,51.02219305,3.7036883
2026-04-30 14:08:00,19.1,28.3,25.9,9.5,2450.0,51.022132066666664,3.703725266666666
2026-04-30 14:08:05,19.4,28.6,25.7,4.3,2455.0,51.02207251666667,3.7037621999999994
2026-04-30 14:08:10,19.3,28.8,25.7,11.9,2460.0,51.0220141,3.7038002
2026-04-30 14:08:15,19.2,28.7,25.3,5.9,2465.0,51.021957349999994,3.703831366666666
2026-04-30 14:08:20,19.2,28.8,25.3,9.2,2470.0,51.0218978,3.7038637999999997
2026-04-30 14:08:25,19.1,28.8,25.2,15.8,2475.0,51.0218412,3.7038940499999997
2026-04-30 14:08:30,18.8,28.8,25.1,8.3,2480.0,51.02178529999999,3.7039222
2026-04-30 14:08:35,19.0,28.8,24.9,7.2,2485.0,51.02172631666666,3.7039505166666666
2026-04-30 14:08:40,19.3,28.9,24.8,6.7,2490.0,51.0216654,3.7039821
2026-04-30 14:08:45,19.5,28.8,24.6,5.3,2495.0,51.02160865,3.7040190166666664
2026-04-30 14:08:50,19.4,28.9,24.6,9.2,2500.0,51.0215409,3.7040598666666664
2026-04-30 14:08:55,19.1,28.9,24.5,5.3,2505.0,51.0214725,3.70409925
2026-04-30 14:09:00,19.2,28.8,24.3,5.4,2510.0,51.02140676666666,3.704134933333333
2026-04-30 14:09:05,19.1,28.8,24.3,5.0,2515.0,51.02134223333333,3.7041666666666666
2026-04-30 14:09:10,19.0,28.7,24.2,5.4,2520.0,51.0212749,3.704195
2026-04-30 14:09:15,19.2,28.7,24.0,3.8,2525.0,51.02120648333333,3.7042243333333333
2026-04-30 14:09:20,19.5,28.7,24.0,3.0,2530.0,51.0211386,3.7042578666666666
2026-04-30 14:09:25,19.7,28.8,24.0,7.4,2535.0,51.02107375,3.7042906
2026-04-30 14:09:30,19.8,28.9,24.0,5.3,2540.0,51.021008933333334,3.7043235999999995
2026-04-30 14:09:35,20.1,28.9,23.8,4.3,2545.0,51.02094136666666,3.7043589166666666
2026-04-30 14:09:40,20.1,28.9,23.8,5.7,2550.0,51.0208742,3.7043945
2026-04-30 14:09:45,20.3,28.7,23.8,3.6,2555.0,51.02080686666667,3.704432333333333
2026-04-30 14:09:50,20.5,28.7,23.8,5.1,2560.0,51.02074079999999,3.7044641666666664
2026-04-30 14:09:55,20.5,28.5,23.8,6.2,2565.0,51.020675049999994,3.7044942499999998
2026-04-30 14:10:00,20.1,28.3,23.8,6.0,2570.0,51.020609099999994,3.7045193333333333
2026-04-30 14:10:05,20.0,27.9,23.8,4.1,2575.0,51.02054481666666,3.704540183333333
2026-04-30 14:10:10,20.1,27.7,23.8,3.0,2580.0,51.0204884,3.7045731
2026-04-30 14:10:15,20.2,27.8,23.8,5.2,2585.0,51.020431733333325,3.704626183333333
2026-04-30 14:10:20,20.0,27.7,23.8,3.1,2590.0,51.02036893333333,3.7046721333333332
2026-04-30 14:10:25,20.2,27.7,23.8,3.3,2595.0,51.020302099999995,3.7047143
2026-04-30 14:10:30,20.4,27.9,23.8,4.1,2600.0,51.02023613333333,3.7047561333333334
2026-04-30 14:10:35,20.3,27.9,23.6,3.7,2605.0,51.020174049999994,3.7047987166666667
2026-04-30 14:10:40,20.3,27.7,23.6,3.3,2610.0,51.0201123,3.7048383
2026-04-30 14:10:45,20.4,27.7,23.6,5.3,2615.0,51.020054716666664,3.7048799666666663
2026-04-30 14:10:50,20.2,27.8,23.6,2.7,2620.0,51.019999,3.7049103
2026-04-30 14:10:55,20.3,28.1,23.7,2.3,2625.0,51.0199411,3.7049421000000002
2026-04-30 14:11:00,20.5,28.4,23.7,2.4,2630.0,51.01988116666666,3.7049809
2026-04-30 14:11:05,20.5,28.3,23.7,3.9,2635.0,51.019820616666664,3.7050261
2026-04-30 14:11:10,20.7,28.3,23.5,3.8,2640.0,51.0197592,3.7050721
2026-04-30 14:11:15,20.5,28.4,23.4,4.1,2645.0,51.019688783333336,3.7051049333333332
2026-04-30 14:11:20,20.4,28.4,23.2,5.4,2650.0,51.019628166666664,3.7051463
2026-04-30 14:11:25,19.8,28.5,23.2,5.7,2655.0,51.019571299999996,3.7051923
2026-04-30 14:11:30,19.7,28.4,23.4,3.4,2660.0,51.01951383333333,3.7052364666666664
2026-04-30 14:11:35,19.9,28.3,23.4,2.8,2665.0,51.019453883333334,3.705276616666666
2026-04-30 14:11:40,20.2,28.4,23.4,3.0,2670.0,51.0193928,3.7053217
2026-04-30 14:11:45,20.5,28.6,23.4,2.2,2675.0,51.01933238333333,3.7053653666666664
2026-04-30 14:11:50,20.9,28.9,23.4,2.6,2680.0,51.01926903333333,3.705413366666667
2026-04-30 14:11:55,21.1,29.0,23.5,1.2,2685.0,51.01920805,3.70546005
2026-04-30 14:12:00,21.2,29.1,23.5,0.0,2690.0,51.01915013333333,3.705506033333333
2026-04-30 14:12:05,21.3,29.3,23.5,1.5,2695.0,51.0190939,3.705553966666666
2026-04-30 14:12:10,21.1,29.3,23.5,3.1,2700.0,51.0190384,3.7056043
2026-04-30 14:12:15,21.2,29.0,23.5,3.9,2705.0,51.01898664999999,3.7056571333333332
2026-04-30 14:12:20,21.2,29.0,23.6,3.4,2710.0,51.018932833333324,3.7057066999999995
2026-04-30 14:12:25,21.1,28.9,23.6,10.7,2715.0,51.01887795,3.7057548000000002
2026-04-30 14:12:30,20.5,28.7,23.7,7.5,2720.0,51.01882046666666,3.705787733333333
2026-04-30 14:12:35,20.2,28.5,23.7,6.7,2725.0,51.01875986666666,3.7057969999999996
2026-04-30 14:12:40,20.4,28.1,23.8,2.3,2730.0,51.0187002,3.7058
2026-04-30 14:12:45,21.1,28.1,23.8,1.7,2735.0,51.0186467,3.7058419999999996
2026-04-30 14:12:50,21.3,28.4,23.8,4.1,2740.0,51.018600199999995,3.7059009999999994
2026-04-30 14:12:55,21.1,28.4,23.8,6.2,2745.0,51.01855325,3.7059594999999996
2026-04-30 14:13:00,20.5,28.0,24.0,13.2,2750.0,51.01850496666666,3.7060134999999996
2026-04-30 14:13:05,19.7,27.7,24.0,10.6,2755.0,51.018456099999995,3.7060641666666663
2026-04-30 14:13:10,19.5,27.5,24.2,6.7,2760.0,51.0184041,3.7061095
2026-04-30 14:13:15,19.5,27.6,24.2,6.6,2765.0,51.01834559999999,3.7061570833333333
2026-04-30 14:13:20,19.6,28.3,24.2,7.0,2770.0,51.0182909,3.7062051333333335
2026-04-30 14:13:25,19.7,28.5,24.3,7.1,2775.0,51.0182356,3.7062508999999997
2026-04-30 14:13:30,19.6,28.5,24.4,8.1,2780.0,51.018177933333334,3.7062978999999996
2026-04-30 14:13:35,19.7,28.4,24.4,2.4,2785.0,51.01811933333333,3.706348983333333
2026-04-30 14:13:40,19.9,28.4,24.4,4.2,2790.0,51.018065,3.7063994
2026-04-30 14:13:45,20.2,28.3,24.4,3.5,2795.0,51.01801591666666,3.7064501499999998
2026-04-30 14:13:50,20.6,28.5,24.4,1.7,2800.0,51.01795983333333,3.7064903666666664
2026-04-30 14:13:55,20.9,28.8,24.2,2.3,2805.0,51.01790335,3.7065344
2026-04-30 14:14:00,20.8,29.0,24.2,4.6,2810.0,51.017848066666666,3.7065816999999996
2026-04-30 14:14:05,20.3,29.0,24.2,5.6,2815.0,51.017792083333326,3.7066258333333333
2026-04-30 14:14:10,20.2,29.1,24.2,4.1,2820.0,51.0177315,3.7066635
2026-04-30 14:14:15,20.5,29.1,24.2,1.5,2825.0,51.01767649999999,3.706703833333333
2026-04-30 14:14:20,20.9,29.1,24.1,2.9,2830.0,51.01762356666666,3.7067408333333334
2026-04-30 14:14:25,21.0,29.1,24.1,4.9,2835.0,51.017566099999996,3.7067763
2026-04-30 14:14:30,20.8,28.9,24.1,4.9,2840.0,51.01750176666667,3.7068027666666667
2026-04-30 14:14:35,20.5,28.9,24.0,3.0,2845.0,51.01743599999999,3.7068168333333333
2026-04-30 14:14:40,20.4,29.3,24.0,4.8,2850.0,51.0173855,3.7068325
2026-04-30 14:14:45,20.5,29.7,23.9,7.7,2855.0,51.01734099999999,3.70688825
2026-04-30 14:14:50,20.3,29.3,23.9,9.5,2860.0,51.01729403333333,3.7069457999999997
2026-04-30 14:14:55,20.3,28.6,23.9,7.2,2865.0,51.017248249999994,3.70700725
2026-04-30 14:15:00,20.2,28.1,23.9,6.8,2870.0,51.01720469999999,3.707074433333333
2026-04-30 14:15:05,20.1,27.9,23.9,9.3,2875.0,51.01716376666666,3.7071460666666667
2026-04-30 14:15:10,19.9,27.8,23.9,8.8,2880.0,51.0171271,3.7072149
2026-04-30 14:15:15,19.7,27.7,23.7,6.2,2885.0,51.017079599999995,3.707276899999999
2026-04-30 14:15:20,19.9,27.7,23.7,5.3,2890.0,51.01703036666666,3.7073284999999996
2026-04-30 14:15:25,20.1,27.7,23.7,4.6,2895.0,51.016974250000004,3.70737525
2026-04-30 14:15:30,20.0,27.8,23.7,4.2,2900.0,51.01691576666666,3.707402566666666
2026-04-30 14:15:35,20.0,27.8,23.5,5.2,2905.0,51.01685876666666,3.707395833333333
2026-04-30 14:15:40,20.1,27.8,23.5,2.8,2910.0,51.0167961,3.7073605
2026-04-30 14:15:45,20.4,27.8,23.5,3.4,2915.0,51.01674251666667,3.7073060833333327
2026-04-30 14:15:50,20.8,27.9,23.5,2.5,2920.0,51.016687266666665,3.7072594666666667
2026-04-30 14:15:55,21.2,27.9,23.5,1.6,2925.0,51.0166314,3.7072171000000003
2026-04-30 14:16:00,21.8,27.9,23.5,0.0,2930.0,51.016573566666665,3.707175433333333
2026-04-30 14:16:05,22.2,28.1,23.5,1.3,2935.0,51.01651305,3.7071342833333327
2026-04-30 14:16:10,22.5,28.0,23.6,2.1,2940.0,51.0164528,3.7071002
2026-04-30 14:16:15,22.8,27.8,23.6,1.2,2945.0,51.01639805,3.7070588666666664
2026-04-30 14:16:20,23.0,27.2,23.8,0.0,2950.0,51.016345099999995,3.7070139999999996
2026-04-30 14:16:25,23.2,26.7,23.9,1.5,2955.0,51.016306650000004,3.70695315
2026-04-30 14:16:30,23.3,26.2,24.0,1.7,2960.0,51.016293133333335,3.706874466666666
2026-04-30 14:16:35,23.4,26.1,24.2,1.8,2965.0,51.01630603333333,3.70678525
2026-04-30 14:16:40,23.3,26.1,24.5,1.9,2970.0,51.0163312,3.7067005
2026-04-30 14:16:45,23.2,26.0,24.6,1.6,2975.0,51.01634853333333,3.7066146666666664
2026-04-30 14:16:50,23.0,26.0,24.9,0.0,2980.0,51.016353266666655,3.7065243666666667
2026-04-30 14:16:55,22.8,25.9,25.2,1.4,2985.0,51.016371649999996,3.7064323999999997
2026-04-30 14:17:00,22.2,25.7,25.4,4.1,2990.0,51.0164007,3.7063435666666664
2026-04-30 14:17:05,21.8,25.4,25.7,2.5,2995.0,51.016429033333324,3.7062597666666663
2026-04-30 14:17:10,21.6,25.4,26.0,2.3,3000.0,51.0164577,3.7061751
2026-04-30 14:17:15,21.6,26.0,26.2,2.4,3005.0,51.016489449999995,3.7060881833333332
2026-04-30 14:17:20,21.9,26.2,26.3,1.9,3010.0,51.016519733333325,3.7060000666666664
2026-04-30 14:17:25,22.0,26.4,26.7,2.9,3015.0,51.016552950000005,3.70591245
2026-04-30 14:17:30,22.0,27.0,26.9,4.3,3020.0,51.016587599999994,3.7058265666666665
2026-04-30 14:17:35,22.0,27.1,27.3,4.3,3025.0,51.01662083333333,3.7057451666666665
2026-04-30 14:17:40,21.7,26.9,27.4,4.4,3030.0,51.016653,3.7056745
2026-04-30 14:17:45,21.7,26.7,27.5,3.5,3035.0,51.01668699999999,3.705594
2026-04-30 14:17:50,21.7,26.8,27.5,4.0,3040.0,51.01671913333333,3.7055149
2026-04-30 14:17:55,21.6,26.9,27.5,4.0,3045.0,51.01674965,3.7054339499999998
2026-04-30 14:18:00,21.7,26.8,27.6,1.8,3050.0,51.0167796,3.7053517
2026-04-30 14:18:05,21.8,26.9,27.9,0.0,3055.0,51.016810833333324,3.7052720666666663
2026-04-30 14:18:10,21.9,27.0,28.0,0.0,3060.0,51.016846,3.7052019
2026-04-30 14:18:15,22.1,27.3,28.3,1.2,3065.0,51.016873833333335,3.705117983333333
2026-04-30 14:18:20,22.2,27.6,28.5,1.4,3070.0,51.016907266666664,3.7050386666666664
2026-04-30 14:18:25,22.0,27.5,28.7,2.2,3075.0,51.01694155,3.7049577
2026-04-30 14:18:30,21.7,27.4,28.9,2.5,3080.0,51.01697426666666,3.7048761333333333
2026-04-30 14:18:35,22.0,27.4,29.0,0.0,3085.0,51.01700606666666,3.704796133333333
2026-04-30 14:18:40,22.3,27.6,29.3,3.1,3090.0,51.0170414,3.7047148
2026-04-30 14:18:45,22.3,27.6,29.5,3.2,3095.0,51.01706989999999,3.7046253
2026-04-30 14:18:50,22.2,27.1,29.6,0.0,3100.0,51.01710146666666,3.7045363333333334
2026-04-30 14:18:55,22.3,26.9,29.8,1.7,3105.0,51.01713275,3.70444965
2026-04-30 14:19:00,22.3,26.7,29.9,1.4,3110.0,51.0171655,3.7043660999999997
2026-04-30 14:19:05,22.4,26.7,30.2,2.1,3115.0,51.01720126666666,3.7042852166666664
2026-04-30 14:19:10,22.5,26.9,30.3,3.2,3120.0,51.0172361,3.7042048
2026-04-30 14:19:15,22.6,26.7,30.4,1.9,3125.0,51.017270516666656,3.7041227999999995
2026-04-30 14:19:20,22.6,26.6,30.5,2.0,3130.0,51.01730093333333,3.7040355333333332
2026-04-30 14:19:25,22.7,26.4,30.7,1.3,3135.0,51.01733015,3.7039493500000003
2026-04-30 14:19:30,22.7,26.4,30.8,0.0,3140.0,51.01736073333333,3.7038655
2026-04-30 14:19:35,22.7,26.5,31.1,0.0,3145.0,51.01739391666666,3.7037834499999995
2026-04-30 14:19:40,22.8,26.5,31.2,1.4,3150.0,51.0174285,3.7037042
2026-04-30 14:19:45,23.0,26.8,31.5,3.2,3155.0,51.01745783333333,3.703625366666666
2026-04-30 14:19:50,22.9,26.9,31.7,5.5,3160.0,51.017469633333334,3.703550933333333
2026-04-30 14:19:55,22.6,26.5,32.0,6.3,3165.0,51.017449299999996,3.7034807
2026-04-30 14:20:00,22.5,25.9,32.1,4.2,3170.0,51.0174166,3.703408766666666
2026-04-30 14:20:05,22.4,25.6,32.3,2.9,3175.0,51.01739799999999,3.7033295666666666
2026-04-30 14:20:10,22.1,25.6,32.4,4.1,3180.0,51.017399,3.7032439
2026-04-30 14:20:15,22.0,25.5,32.7,2.0,3185.0,51.01740199999999,3.703169983333333
2026-04-30 14:20:20,22.1,25.6,32.7,1.7,3190.0,51.01739913333333,3.7030869999999996
2026-04-30 14:20:25,22.3,26.3,32.8,1.2,3195.0,51.0173958,3.70300095
2026-04-30 14:20:30,22.7,27.3,32.9,1.4,3200.0,51.0173904,3.7029203333333327
2026-04-30 14:20:35,22.8,28.7,32.9,1.4,3205.0,51.017380333333335,3.702848133333333
2026-04-30 14:20:40,22.7,29.2,33.0,0.0,3210.0,51.017368,3.7027738
2026-04-30 14:20:45,22.7,29.0,33.0,1.3,3215.0,51.017353416666666,3.7026997166666664
2026-04-30 14:20:50,22.9,28.7,33.1,1.7,3220.0,51.017344566666665,3.7026217
2026-04-30 14:20:55,23.1,28.7,33.1,0.0,3225.0,51.017333750000006,3.70254575
2026-04-30 14:21:00,23.3,29.2,33.2,1.2,3230.0,51.01732346666667,3.7024692999999997
2026-04-30 14:21:05,23.3,30.3,33.3,2.9,3235.0,51.01731875,3.7023904499999998
2026-04-30 14:21:10,23.4,30.8,33.4,2.2,3240.0,51.0173195,3.7023172
2026-04-30 14:21:15,23.4,30.2,33.5,1.5,3245.0,51.01732416666667,3.7022502
2026-04-30 14:21:20,23.4,29.0,33.6,1.7,3250.0,51.0173367,3.7021894
2026-04-30 14:21:25,23.5,28.0,33.8,1.4,3255.0,51.0173535,3.7021401000000003
2026-04-30 14:21:30,23.6,28.0,33.8,1.3,3260.0,51.01736983333333,3.7020945
2026-04-30 14:21:35,23.4,28.3,33.9,0.0,3265.0,51.01738828333333,3.7020488
2026-04-30 14:21:40,23.5,28.5,34.0,0.0,3270.0,51.0174272,3.7020203
2026-04-30 14:21:45,23.6,28.3,34.1,1.3,3275.0,51.017476366666656,3.7020028
2026-04-30 14:21:50,23.7,28.4,34.2,1.7,3280.0,51.01752086666666,3.7019851
2026-04-30 14:21:55,23.7,28.5,34.4,2.1,3285.0,51.017566349999996,3.7019750499999997
2026-04-30 14:22:00,23.7,28.3,34.4,1.4,3290.0,51.0176138,3.7019727999999996
2026-04-30 14:22:05,23.5,27.7,34.5,2.1,3295.0,51.017662433333335,3.7019739166666663
2026-04-30 14:22:10,23.5,27.3,34.7,1.6,3300.0,51.0177126,3.7019725
2026-04-30 14:22:15,23.3,27.3,34.8,0.0,3305.0,51.017761349999994,3.70197675
2026-04-30 14:22:20,23.2,27.1,34.7,2.4,3310.0,51.017811633333324,3.701970933333333
2026-04-30 14:22:25,23.3,27.1,34.7,1.9,3315.0,51.0178618,3.70195915
2026-04-30 14:22:30,23.4,27.8,34.6,1.7,3320.0,51.01790893333333,3.7019505666666666
2026-04-30 14:22:35,23.6,28.6,34.7,2.0,3325.0,51.0179499,3.7019590666666664
2026-04-30 14:22:40,23.7,29.1,34.7,2.6,3330.0,51.0179824,3.7020029
2026-04-30 14:22:45,23.7,29.2,34.9,2.5,3335.0,51.01802789999999,3.70204515
2026-04-30 14:22:50,23.6,28.8,34.8,1.9,3340.0,51.01806793333333,3.702007333333333
2026-04-30 14:22:55,23.7,28.5,34.7,1.4,3345.0,51.018104550000004,3.7019425999999998
2026-04-30 14:23:00,23.5,28.6,34.7,2.1,3350.0,51.01813423333333,3.701867133333333
2026-04-30 14:23:05,22.6,28.6,35.1,3.8,3355.0,51.01815691666666,3.7017837499999997
2026-04-30 14:23:10,22.1,28.0,35.3,3.4,3360.0,51.018185,3.7017055
2026-04-30 14:23:15,21.8,27.0,35.6,4.9,3365.0,51.01821908333333,3.7016302499999996
2026-04-30 14:23:20,21.7,26.6,35.7,4.9,3370.0,51.018249033333326,3.7015590666666665
2026-04-30 14:23:25,21.7,26.6,35.8,1.2,3375.0,51.0182777,3.7014877999999998
2026-04-30 14:23:30,21.9,26.9,35.6,0.0,3380.0,51.018308299999994,3.7014379999999996
2026-04-30 14:23:35,22.1,27.2,35.6,0.0,3385.0,51.01834259999999,3.701435983333333
2026-04-30 14:23:40,22.3,27.4,35.4,1.4,3390.0,51.0183791,3.7014919
2026-04-30 14:23:45,22.6,27.5,35.4,2.0,3395.0,51.018414683333326,3.7015541499999998
2026-04-30 14:23:50,22.7,27.7,35.4,1.8,3400.0,51.01844079999999,3.701614733333333
2026-04-30 14:23:55,21.9,28.1,35.3,4.0,3405.0,51.0184686,3.7016843
2026-04-30 14:24:00,21.3,28.2,35.5,3.8,3410.0,51.018499166666665,3.701759333333333
2026-04-30 14:24:05,21.2,27.9,35.4,2.3,3415.0,51.018529283333336,3.7018334999999998
2026-04-30 14:24:10,21.2,27.6,35.2,1.9,3420.0,51.0185572,3.701909
2026-04-30 14:24:15,21.1,27.6,35.1,3.9,3425.0,51.018590866666656,3.70199425
2026-04-30 14:24:20,20.8,27.8,35.1,3.9,3430.0,51.018621133333326,3.7020694999999995
2026-04-30 14:24:25,20.8,28.6,35.0,2.5,3435.0,51.0186493,3.70214375
2026-04-30 14:24:30,20.6,29.6,35.0,2.6,3440.0,51.01868003333333,3.702214566666666
2026-04-30 14:24:35,20.5,29.8,34.7,2.5,3445.0,51.018714249999995,3.702282583333333
2026-04-30 14:24:40,20.5,29.9,34.5,3.3,3450.0,51.018742,3.702366
2026-04-30 14:24:45,20.5,30.1,34.2,2.9,3455.0,51.018767749999995,3.7024394166666665
2026-04-30 14:24:50,20.1,30.2,34.2,3.5,3460.0,51.01879696666666,3.7025277666666665
2026-04-30 14:24:55,19.9,30.1,34.1,5.2,3465.0,51.01883325,3.70260325
2026-04-30 14:25:00,19.6,30.1,33.9,4.2,3470.0,51.01886553333333,3.7026736666666666
2026-04-30 14:25:05,19.6,30.3,33.7,3.6,3475.0,51.018884833333324,3.7027522666666663
2026-04-30 14:25:10,19.7,30.8,33.4,3.2,3480.0,51.018901,3.7028276
2026-04-30 14:25:15,19.8,31.2,33.0,2.9,3485.0,51.01893633333332,3.7029107666666663
2026-04-30 14:25:20,20.0,31.5,32.7,4.3,3490.0,51.01897506666666,3.7029905999999997
2026-04-30 14:25:25,19.9,31.6,32.4,3.6,3495.0,51.019020600000005,3.70308075
2026-04-30 14:25:30,20.0,31.9,32.1,2.0,3500.0,51.0190657,3.7031719
2026-04-30 14:25:35,20.2,32.3,31.5,1.6,3505.0,51.019105616666664,3.703250666666666
2026-04-30 14:25:40,20.3,32.4,31.4,2.9,3510.0,51.0191512,3.7033185
2026-04-30 14:25:45,20.1,32.6,30.9,5.2,3515.0,51.019202199999995,3.703372
2026-04-30 14:25:50,20.2,31.9,30.7,4.9,3520.0,51.01925273333333,3.7034430333333335
2026-04-30 14:25:55,20.2,30.9,30.3,6.6,3525.0,51.0192972,3.7035197
2026-04-30 14:26:00,20.1,30.4,30.0,8.2,3530.0,51.01933766666666,3.7035992333333327
2026-04-30 14:26:05,20.1,29.9,29.7,5.9,3535.0,51.01937408333333,3.7036832666666664
2026-04-30 14:26:10,20.0,29.6,29.4,5.4,3540.0,51.0193945,3.7037731
2026-04-30 14:26:15,19.7,29.3,29.2,12.6,3545.0,51.019433583333324,3.703844933333333
2026-04-30 14:26:20,19.4,29.0,29.0,8.4,3550.0,51.01946873333333,3.7039286333333328
2026-04-30 14:26:25,19.4,29.0,28.7,6.5,3555.0,51.01949555,3.70400125
2026-04-30 14:26:30,19.5,29.0,28.5,6.7,3560.0,51.019524366666666,3.7040687666666665
2026-04-30 14:26:35,19.8,29.1,28.2,6.3,3565.0,51.019564216666666,3.704143033333333
2026-04-30 14:26:40,19.4,29.1,28.0,11.2,3570.0,51.0196068,3.7042187
2026-04-30 14:26:45,19.4,28.9,27.7,7.7,3575.0,51.01964313333333,3.7042894499999997
2026-04-30 14:26:50,19.2,28.8,27.7,7.4,3580.0,51.0196796,3.704369066666666
2026-04-30 14:26:55,19.3,28.7,27.4,9.1,3585.0,51.019719550000005,3.7044420999999996
2026-04-30 14:27:00,19.2,28.8,27.3,7.4,3590.0,51.01975833333333,3.704516833333333
2026-04-30 14:27:05,19.3,29.0,27.0,6.1,3595.0,51.01979063333333,3.704604133333333
2026-04-30 14:27:10,19.2,29.3,26.7,8.8,3600.0,51.0198178,3.7046963
2026-04-30 14:27:15,19.2,29.4,26.6,11.9,3605.0,51.019850883333326,3.704791216666666
2026-04-30 14:27:20,19.3,29.3,26.4,14.4,3610.0,51.0198785,3.7048796
2026-04-30 14:27:25,18.8,29.2,26.5,17.2,3615.0,51.01990485,3.70496685
2026-04-30 14:27:30,18.4,29.1,26.6,11.5,3620.0,51.019931433333326,3.705051066666666
2026-04-30 14:27:35,18.5,29.0,26.4,8.7,3625.0,51.019958966666664,3.7051307333333328
2026-04-30 14:27:40,18.5,29.1,26.3,17.4,3630.0,51.0199893,3.7052124
2026-04-30 14:27:45,18.2,29.2,26.1,9.7,3635.0,51.02001363333333,3.7052897333333332
2026-04-30 14:27:50,18.4,29.4,25.9,15.7,3640.0,51.020038899999996,3.7053745333333334
2026-04-30 14:27:55,18.4,29.6,25.8,19.0,3645.0,51.0200648,3.70546325
2026-04-30 14:28:00,18.4,29.6,25.5,17.8,3650.0,51.020091933333326,3.7055537999999997
2026-04-30 14:28:05,18.5,29.6,25.3,15.1,3655.0,51.02011958333333,3.705644483333333
2026-04-30 14:28:10,18.5,29.6,25.2,11.6,3660.0,51.0201435,3.7057329
2026-04-30 14:28:15,18.6,29.6,24.9,7.2,3665.0,51.02016941666666,3.7058154833333328
2026-04-30 14:28:20,18.8,29.5,24.9,13.5,3670.0,51.02019433333333,3.7059011999999996
2026-04-30 14:28:25,18.8,29.5,24.6,5.1,3675.0,51.0202229,3.70598525
2026-04-30 14:28:30,18.7,29.3,24.4,10.3,3680.0,51.020255,3.706069133333333
2026-04-30 14:28:35,18.6,29.1,24.1,12.1,3685.0,51.02028741666666,3.7061538166666663
2026-04-30 14:28:40,18.6,28.9,24.1,6.2,3690.0,51.0203155,3.7062329
2026-04-30 14:28:45,18.7,28.8,23.8,10.8,3695.0,51.02034866666666,3.706314233333333
2026-04-30 14:28:50,18.7,28.9,23.6,8.0,3700.0,51.02038296666666,3.7063954999999993
2026-04-30 14:28:55,18.7,29.1,23.5,5.2,3705.0,51.02041585,3.7064759499999997
2026-04-30 14:29:00,18.8,29.1,23.3,7.2,3710.0,51.020449433333326,3.706557033333333
2026-04-30 14:29:05,18.8,29.2,23.1,8.0,3715.0,51.02048515,3.706639216666666
2026-04-30 14:29:10,18.9,29.1,23.0,5.2,3720.0,51.0205184,3.7067188
2026-04-30 14:29:15,19.0,29.1,22.8,3.4,3725.0,51.02055231666666,3.706793216666666
2026-04-30 14:29:20,19.1,29.0,22.7,1.5,3730.0,51.02058956666666,3.7068795
2026-04-30 14:29:25,19.2,29.0,22.5,1.9,3735.0,51.0206217,3.70696235
2026-04-30 14:29:30,19.2,28.9,22.4,4.6,3740.0,51.02065013333333,3.707032666666666
2026-04-30 14:29:35,19.3,28.8,22.2,5.4,3745.0,51.020678616666665,3.707091533333333
2026-04-30 14:29:40,19.5,28.8,22.2,2.7,3750.0,51.0207057,3.7071542
2026-04-30 14:29:45,19.6,28.9,22.0,4.3,3755.0,51.020739449999994,3.7072362833333337
2026-04-30 14:29:50,19.8,29.0,21.8,1.4,3760.0,51.02076866666666,3.7073130333333335
2026-04-30 14:29:55,19.8,29.1,21.8,3.0,3765.0,51.020799100000005,3.7073964
2026-04-30 14:30:00,19.8,29.1,21.6,4.1,3770.0,51.02082523333333,3.7074803333333333
2026-04-30 14:30:05,19.8,28.7,21.5,3.9,3775.0,51.02084526666666,3.707558783333333
2026-04-30 14:30:10,19.9,28.4,21.5,5.1,3780.0,51.0208761,3.7076437
2026-04-30 14:30:15,19.9,28.3,21.5,7.0,3785.0,51.02091318333333,3.707703116666666
2026-04-30 14:30:20,19.9,28.2,21.5,2.5,3790.0,51.020969333333326,3.7077166666666663
2026-04-30 14:30:25,19.9,28.1,21.4,2.1,3795.0,51.021024749999995,3.70769245
2026-04-30 14:30:30,20.2,28.2,21.4,1.9,3800.0,51.02107663333333,3.7076780666666664
2026-04-30 14:30:35,20.5,28.2,21.5,4.3,3805.0,51.021124483333324,3.7077139
2026-04-30 14:30:40,20.5,28.1,21.5,6.7,3810.0,51.0211554,3.7077864
2026-04-30 14:30:45,20.5,28.0,21.4,5.7,3815.0,51.02119048333333,3.7078636499999997
2026-04-30 14:30:50,21.0,28.0,21.4,4.7,3820.0,51.02122036666667,3.707933633333333
2026-04-30 14:30:55,20.9,28.2,21.6,3.8,3825.0,51.021250550000005,3.7079993
2026-04-30 14:31:00,20.7,28.1,21.5,3.4,3830.0,51.02128416666667,3.7080643999999996
2026-04-30 14:31:05,20.4,27.9,21.7,2.3,3835.0,51.021320366666664,3.708131233333333
2026-04-30 14:31:10,20.5,27.6,21.7,1.7,3840.0,51.0213527,3.7081984
2026-04-30 14:31:15,20.5,27.5,21.7,4.5,3845.0,51.021386783333334,3.7082786499999996
2026-04-30 14:31:20,20.5,27.7,21.7,2.8,3850.0,51.02142606666666,3.7083605666666664
2026-04-30 14:31:25,20.5,27.5,21.8,2.1,3855.0,51.0214649,3.7084407
2026-04-30 14:31:30,20.7,27.3,21.8,2.1,3860.0,51.021500833333334,3.7085190666666668
2026-04-30 14:31:35,20.9,27.9,21.8,2.3,3865.0,51.021532433333334,3.7085951333333327
2026-04-30 14:31:40,20.9,28.3,21.8,1.4,3870.0,51.0215571,3.7086638
2026-04-30 14:31:45,20.8,28.3,21.8,4.5,3875.0,51.02159126666666,3.7087411333333327
2026-04-30 14:31:50,20.5,27.8,21.8,4.8,3880.0,51.021625233333324,3.7088123333333334
2026-04-30 14:31:55,20.1,27.3,21.9,6.3,3885.0,51.02166045,3.7088803500000003
2026-04-30 14:32:00,20.0,27.0,21.9,4.3,3890.0,51.0217021,3.7089410666666667
2026-04-30 14:32:05,20.2,27.0,22.0,3.7,3895.0,51.02175296666666,3.708990433333333
2026-04-30 14:32:10,20.1,26.9,22.0,3.5,3900.0,51.0218073,3.7090316
2026-04-30 14:32:15,20.1,26.8,22.2,5.2,3905.0,51.02185438333333,3.7090880166666667
2026-04-30 14:32:20,20.0,26.8,22.2,3.3,3910.0,51.02189153333333,3.709172233333333
2026-04-30 14:32:25,20.1,26.9,22.2,2.2,3915.0,51.0219106,3.70921965
2026-04-30 14:32:30,20.2,27.1,22.2,1.3,3920.0,51.0219172,3.7092320999999995
2026-04-30 14:32:35,20.5,27.7,22.3,2.0,3925.0,51.021919633333326,3.709236333333333
2026-04-30 14:32:40,20.9,28.0,22.4,2.5,3930.0,51.0219178,3.7092425
2026-04-30 14:32:45,20.6,28.0,22.4,6.4,3935.0,51.021916883333326,3.709239833333333
2026-04-30 14:32:50,20.3,27.8,22.5,4.6,3940.0,51.0219173,3.7092406999999996
2026-04-30 14:32:55,20.3,27.6,22.6,3.9,3945.0,51.0219177,3.709243
2026-04-30 14:33:00,20.4,27.5,22.7,5.8,3950.0,51.02191793333333,3.7092452666666667
2026-04-30 14:33:05,20.2,27.4,22.7,3.8,3955.0,51.021918783333334,3.709247333333333
2026-04-30 14:33:10,20.3,27.4,22.7,3.2,3960.0,51.0219217,3.709251
2026-04-30 14:33:15,20.4,27.6,22.9,2.2,3965.0,51.02192303333333,3.7092571666666663
2026-04-30 14:33:20,20.5,27.7,22.9,1.4,3970.0,51.0219349,3.7093137333333335
2026-04-30 14:33:25,20.4,27.7,23.0,4.6,3975.0,51.021968799999996,3.70936895
2026-04-30 14:33:30,20.4,27.6,23.0,2.0,3980.0,51.022017266666666,3.7094045666666666
2026-04-30 14:33:35,20.4,27.6,23.0,2.8,3985.0,51.022068266666665,3.7094220166666663
2026-04-30 14:33:40,20.4,27.6,23.1,1.9,3990.0,51.0221196,3.7094286
2026-04-30 14:33:45,20.5,27.5,23.1,2.0,3995.0,51.02217376666667,3.709431349999999
2026-04-30 14:33:50,20.6,27.6,23.2,3.3,4000.0,51.02223113333333,3.709435833333333
2026-04-30 14:33:55,20.5,27.6,23.3,9.2,4005.0,51.0222908,3.70943775
2026-04-30 14:34:00,20.6,27.6,23.3,4.8,4010.0,51.02235226666666,3.7094383666666664
2026-04-30 14:34:05,20.6,28.1,23.4,3.1,4015.0,51.022413566666664,3.7094404499999993
2026-04-30 14:34:10,20.7,28.8,23.5,3.3,4020.0,51.0224694,3.7094442
2026-04-30 14:34:15,20.7,29.2,23.6,2.1,4025.0,51.022529983333335,3.709447616666666
2026-04-30 14:34:20,20.7,28.9,23.7,1.3,4030.0,51.02258956666667,3.7094471666666666
2026-04-30 14:34:25,20.5,28.5,23.8,2.1,4035.0,51.0226476,3.70944935
2026-04-30 14:34:30,20.3,28.5,23.8,2.2,4040.0,51.02270536666667,3.7094540333333335
2026-04-30 14:34:35,20.3,28.6,23.9,1.6,4045.0,51.02276548333333,3.7094579166666666
2026-04-30 14:34:40,20.3,28.7,24.1,2.0,4050.0,51.0228314,3.709458
2026-04-30 14:34:45,20.4,29.1,24.2,1.3,4055.0,51.02288989999999,3.70946125
2026-04-30 14:34:50,20.5,29.3,24.4,0.0,4060.0,51.022943399999996,3.7094620333333332
2026-04-30 14:34:55,20.7,29.6,24.5,0.0,4065.0,51.023004099999994,3.7094614000000004
2026-04-30 14:35:00,20.7,29.7,24.6,1.1,4070.0,51.02307029999999,3.7094628
2026-04-30 14:35:05,20.8,29.5,24.8,1.4,4075.0,51.02313543333332,3.7094666666666662
2026-04-30 14:35:10,20.8,29.2,24.9,0.0,4080.0,51.0231971,3.709465
2026-04-30 14:35:15,20.9,29.2,25.0,0.0,4085.0,51.023256016666664,3.709473333333333
2026-04-30 14:35:20,20.8,30.1,25.2,2.7,4090.0,51.02331579999999,3.7094932
2026-04-30 14:35:25,20.7,31.3,25.3,1.5,4095.0,51.02337115,3.7095136
2026-04-30 14:35:30,20.8,31.6,25.5,1.8,4100.0,51.0234226,3.7095276666666663
2026-04-30 14:35:35,20.9,31.1,25.6,2.7,4105.0,51.023473849999995,3.709533883333333
2026-04-30 14:35:40,20.9,30.2,25.7,2.9,4110.0,51.0235291,3.7095373
2026-04-30 14:35:45,20.7,29.4,25.9,3.7,4115.0,51.023596766666664,3.709554883333333
2026-04-30 14:35:50,20.7,28.8,26.0,3.2,4120.0,51.023657766666666,3.7095678
2026-04-30 14:35:55,20.7,28.4,26.2,2.5,4125.0,51.023709,3.7095806
2026-04-30 14:36:00,20.7,28.1,26.3,3.9,4130.0,51.023762399999995,3.709596133333333
2026-04-30 14:36:05,20.6,28.1,26.5,4.1,4135.0,51.02382576666666,3.7096123833333334
2026-04-30 14:36:10,20.6,28.5,26.5,4.1,4140.0,51.0238836,3.7096193
2026-04-30 14:36:15,20.7,29.3,26.7,4.9,4145.0,51.023940849999995,3.7096406333333327
2026-04-30 14:36:20,20.8,29.6,26.8,5.6,4150.0,51.02399703333333,3.709658033333333
2026-04-30 14:36:25,20.5,29.1,27.0,5.3,4155.0,51.02404525,3.7096776
2026-04-30 14:36:30,20.2,28.4,27.0,4.9,4160.0,51.02409303333333,3.7096981666666666
2026-04-30 14:36:35,20.1,27.9,27.2,4.5,4165.0,51.0241487,3.7097180166666663
2026-04-30 14:36:40,20.2,27.7,27.4,3.9,4170.0,51.0242077,3.7097416
2026-04-30 14:36:45,20.4,27.8,27.4,2.5,4175.0,51.02426578333333,3.7097828499999994
2026-04-30 14:36:50,20.3,28.0,27.5,3.0,4180.0,51.02430366666667,3.709841966666666
2026-04-30 14:36:55,20.3,28.1,27.5,2.3,4185.0,51.02429385,3.7098618500000002
2026-04-30 14:37:00,20.6,28.5,27.6,2.1,4190.0,51.024250933333335,3.709845833333333
2026-04-30 14:37:05,21.2,28.6,27.7,2.7,4195.0,51.024198516666665,3.7098198
2026-04-30 14:37:10,21.4,28.8,27.8,3.3,4200.0,51.0241361,3.7097943
2026-04-30 14:37:15,21.3,29.1,27.8,6.8,4205.0,51.02406834999999,3.7097843
2026-04-30 14:37:20,20.8,28.7,28.0,7.4,4210.0,51.02400253333333,3.7097831666666665
2026-04-30 14:37:25,20.7,28.3,28.0,8.9,4215.0,51.023938900000005,3.7097888
2026-04-30 14:37:30,20.6,28.2,28.0,5.0,4220.0,51.02387866666666,3.709800433333333
2026-04-30 14:37:35,20.7,28.1,28.2,6.5,4225.0,51.02382304999999,3.7098213166666665
2026-04-30 14:37:40,20.6,28.2,28.2,5.0,4230.0,51.0237723,3.7098614
2026-04-30 14:37:45,20.7,28.2,28.2,4.8,4235.0,51.023718133333325,3.7099040666666663
2026-04-30 14:37:50,20.4,29.0,28.2,6.5,4240.0,51.023676966666656,3.709960333333333
2026-04-30 14:37:55,20.3,29.2,28.2,7.9,4245.0,51.0236425,3.71002715
2026-04-30 14:38:00,20.3,28.9,28.4,6.5,4250.0,51.0236118,3.7101043333333332
2026-04-30 14:38:05,20.5,28.7,28.3,4.4,4255.0,51.023584333333325,3.7101882833333333
2026-04-30 14:38:10,20.7,29.2,28.2,6.8,4260.0,51.023561,3.7102657
2026-04-30 14:38:15,20.6,29.2,28.3,8.5,4265.0,51.023548666666656,3.7103429499999994
2026-04-30 14:38:20,20.7,29.0,28.1,5.5,4270.0,51.023534266666665,3.7104209999999997
2026-04-30 14:38:25,21.1,28.7,28.1,5.9,4275.0,51.0235177,3.7105008
2026-04-30 14:38:30,20.6,28.6,28.1,5.1,4280.0,51.023491500000006,3.710577166666666
2026-04-30 14:38:35,20.6,28.4,28.0,6.2,4285.0,51.02345818333333,3.710651116666666
2026-04-30 14:38:40,20.2,28.2,27.7,8.1,4290.0,51.0234476,3.7107422
2026-04-30 14:38:45,20.2,28.0,27.7,12.3,4295.0,51.02342384999999,3.7108326999999997
2026-04-30 14:38:50,19.4,28.0,28.2,17.5,4300.0,51.0233991,3.710911666666666
2026-04-30 14:38:55,18.8,27.8,28.6,17.0,4305.0,51.023370150000005,3.71097045
2026-04-30 14:39:00,18.8,27.9,28.5,8.3,4310.0,51.023335599999996,3.711003633333333
2026-04-30 14:39:05,19.4,28.0,28.4,5.2,4315.0,51.02330256666666,3.711013966666666
2026-04-30 14:39:10,19.6,28.4,28.2,2.1,4320.0,51.0232934,3.7110173
2026-04-30 14:39:15,19.9,28.7,28.0,0.0,4325.0,51.023294066666665,3.711013049999999
2026-04-30 14:39:20,20.1,29.2,27.9,0.0,4330.0,51.02328746666666,3.7110050666666665
2026-04-30 14:39:25,20.3,29.6,27.7,1.9,4335.0,51.0232842,3.710999
2026-04-30 14:39:30,20.5,29.6,27.5,1.8,4340.0,51.0232773,3.7109967
2026-04-30 14:39:35,20.6,29.4,27.4,1.7,4345.0,51.0232598,3.7109971999999996
2026-04-30 14:39:40,20.7,29.0,27.2,2.0,4350.0,51.02324230000001,3.7109977000000005
2026-04-30 14:39:45,20.7,28.8,27.0,1.7,4355.0,51.023224799999994,3.7109981999999997
2026-04-30 14:39:50,20.9,28.8,26.9,1.3,4360.0,51.023207300000024,3.710998700000001
2026-04-30 14:39:55,21.0,29.2,26.7,1.5,4365.0,51.02318980000001,3.7109992000000016
2026-04-30 14:40:00,21.0,29.9,26.7,1.6,4370.0,51.0231723,3.710999700000002
2026-04-30 14:40:05,21.0,30.4,26.5,0.0,4375.0,51.02315480000004,3.711000200000001
2026-04-30 14:40:10,21.1,31.2,26.4,1.4,4380.0,51.02313730000003,3.711000700000003
