datetime,year,month,day,hour,minute,second,latitude,longitude,Davistemp,Davishumidity,BlackGlobetemp,TotalSeconds
2026-04-30 13:34:36,2026,4,30,11,34,36,51.02338176666667,3.7105018333333333,14.51,0,26.75,446.0
2026-04-30 13:34:47,2026,4,30,11,34,47,51.02338881666666,3.7105020499999997,19.39,25,26.75,457.0
2026-04-30 13:34:58,2026,4,30,11,34,58,51.0233955,3.7104982,19.44,25,26.75,468.0
2026-04-30 13:35:09,2026,4,30,11,35,9,51.02341341666666,3.7105026999999993,19.45,25,26.75,479.0
2026-04-30 13:35:20,2026,4,30,11,35,20,51.02341906666666,3.710495833333333,19.45,25,26.75,490.0
2026-04-30 13:35:31,2026,4,30,11,35,31,51.0234322,3.71050675,19.51,25,26.8,501.0
2026-04-30 13:35:42,2026,4,30,11,35,42,51.023444133333335,3.7105129666666663,19.47,25,26.87,512.0
2026-04-30 13:35:53,2026,4,30,11,35,53,51.0234444,3.710511116666667,19.51,25,27.14,523.0
2026-04-30 13:36:04,2026,4,30,11,36,4,51.0234463,3.7105103,19.51,25,27.25,534.0
2026-04-30 13:36:15,2026,4,30,11,36,15,51.023448599999995,3.7104903499999993,19.52,25,27.25,545.0
2026-04-30 13:36:26,2026,4,30,11,36,26,51.02345106666667,3.7104913666666666,19.57,25,27.37,556.0
2026-04-30 13:36:37,2026,4,30,11,36,37,51.02345375,3.710487,19.57,25,27.58,567.0
2026-04-30 13:36:48,2026,4,30,11,36,48,51.0234642,3.7104869999999996,19.59,25,27.8,578.0
2026-04-30 13:36:59,2026,4,30,11,36,59,51.02346873333333,3.7104910499999995,19.62,25,27.87,589.0
2026-04-30 13:37:10,2026,4,30,11,37,10,51.0235092,3.7104332,19.66,25,27.87,600.0
2026-04-30 13:37:21,2026,4,30,11,37,21,51.023533099999995,3.7103075,19.64,24,27.89,611.0
2026-04-30 13:37:32,2026,4,30,11,37,32,51.0235639,3.7101394999999995,19.66,24,28.02,622.0
2026-04-30 13:37:43,2026,4,30,11,37,43,51.02363695,3.7099901500000003,19.68,24,28.1,633.0
2026-04-30 13:37:54,2026,4,30,11,37,54,51.02375863333333,3.7098898666666664,19.68,24,28.3,644.0
2026-04-30 13:38:05,2026,4,30,11,38,5,51.02389596666666,3.7098287666666665,19.68,24,28.48,655.0
2026-04-30 13:38:16,2026,4,30,11,38,16,51.0240452,3.7097957,19.73,25,28.69,666.0
2026-04-30 13:38:27,2026,4,30,11,38,27,51.02417279999999,3.7098138,19.73,25,28.69,677.0
2026-04-30 13:38:38,2026,4,30,11,38,38,51.02429923333333,3.7098645999999995,19.73,25,28.69,688.0
2026-04-30 13:38:49,2026,4,30,11,38,49,51.02441685,3.70993125,19.73,25,28.69,699.0
2026-04-30 13:39:00,2026,4,30,11,39,0,51.02453383333333,3.709982133333333,19.7,24,28.69,710.0
2026-04-30 13:39:11,2026,4,30,11,39,11,51.02466036666666,3.7100405999999992,19.7,24,28.47,721.0
2026-04-30 13:39:22,2026,4,30,11,39,22,51.0248026,3.7101308,19.7,24,28.3,732.0
2026-04-30 13:39:33,2026,4,30,11,39,33,51.024922716666666,3.710215983333333,19.68,24,28.1,743.0
2026-04-30 13:39:44,2026,4,30,11,39,44,51.0250429,3.7103116,19.68,24,27.97,754.0
2026-04-30 13:39:55,2026,4,30,11,39,55,51.025157300000004,3.71041965,19.68,25,27.81,765.0
2026-04-30 13:40:06,2026,4,30,11,40,6,51.0252718,3.710532333333333,19.68,25,27.84,776.0
2026-04-30 13:40:17,2026,4,30,11,40,17,51.0253659,3.7106391666666667,19.68,25,27.87,787.0
2026-04-30 13:40:28,2026,4,30,11,40,28,51.0254658,3.7104881,19.68,25,27.87,798.0
2026-04-30 13:40:39,2026,4,30,11,40,39,51.025525333333334,3.7102772,19.68,25,27.87,809.0
2026-04-30 13:40:50,2026,4,30,11,40,50,51.02564393333333,3.710165733333333,19.73,26,27.87,820.0
2026-04-30 13:41:01,2026,4,30,11,41,1,51.025679600000004,3.7099955,19.73,26,27.87,831.0
2026-04-30 13:41:12,2026,4,30,11,41,12,51.025683066666666,3.7099346666666664,19.73,26,27.87,842.0
2026-04-30 13:41:23,2026,4,30,11,41,23,51.02579756666667,3.70990275,19.73,26,27.79,853.0
2026-04-30 13:41:34,2026,4,30,11,41,34,51.0258163,3.7097245,19.73,25,27.59,864.0
2026-04-30 13:41:45,2026,4,30,11,41,45,51.02574108333333,3.7095241999999997,19.73,24,27.36,875.0
2026-04-30 13:41:56,2026,4,30,11,41,56,51.025670399999996,3.7093244666666667,19.73,24,27.14,886.0
2026-04-30 13:42:07,2026,4,30,11,42,7,51.02559585,3.70912985,19.73,24,27.12,897.0
2026-04-30 13:42:18,2026,4,30,11,42,18,51.02551876666666,3.7089284666666664,19.73,24,27.3,908.0
2026-04-30 13:42:29,2026,4,30,11,42,29,51.0254567,3.708730383333333,19.73,24,27.56,919.0
2026-04-30 13:42:40,2026,4,30,11,42,40,51.0253951,3.7085334,19.78,24,27.95,930.0
2026-04-30 13:42:51,2026,4,30,11,42,51,51.025323333333326,3.708317666666666,19.79,24,28.34,941.0
2026-04-30 13:43:02,2026,4,30,11,43,2,51.02527316666666,3.7081741,19.79,24,28.69,952.0
2026-04-30 13:43:13,2026,4,30,11,43,13,51.02522615,3.7080464,19.85,24,29.11,963.0
2026-04-30 13:43:24,2026,4,30,11,43,24,51.025233799999995,3.708031666666667,19.9,24,29.42,974.0
2026-04-30 13:43:35,2026,4,30,11,43,35,51.02523891666665,3.7080276833333325,19.9,24,29.69,985.0
2026-04-30 13:43:46,2026,4,30,11,43,46,51.0252344,3.7080129,19.91,24,29.83,996.0
2026-04-30 13:43:57,2026,4,30,11,43,57,51.02518264999999,3.7078593666666664,19.95,24,29.87,1007.0
2026-04-30 13:44:08,2026,4,30,11,44,8,51.02511796666666,3.7076627999999996,19.95,23,29.92,1018.0
2026-04-30 13:44:19,2026,4,30,11,44,19,51.025052,3.7074495,19.95,23,30.0,1029.0
2026-04-30 13:44:30,2026,4,30,11,44,30,51.02498666666666,3.7072315666666666,19.99,23,30.0,1040.0
2026-04-30 13:44:41,2026,4,30,11,44,41,51.02492763333333,3.7070130166666666,20.05,23,30.02,1051.0
2026-04-30 13:44:52,2026,4,30,11,44,52,51.0248453,3.7068093,20.02,23,30.12,1062.0
2026-04-30 13:45:03,2026,4,30,11,45,3,51.02478456666667,3.706609083333333,20.05,23,30.19,1073.0
2026-04-30 13:45:14,2026,4,30,11,45,14,51.024743799999996,3.706386966666667,20.07,23,30.19,1084.0
2026-04-30 13:45:25,2026,4,30,11,45,25,51.0246887,3.7061672999999997,20.07,23,30.19,1095.0
2026-04-30 13:45:36,2026,4,30,11,45,36,51.02463746666666,3.705935766666667,20.07,23,30.19,1106.0
2026-04-30 13:45:47,2026,4,30,11,45,47,51.02459016666666,3.705714433333333,20.08,23,30.23,1117.0
2026-04-30 13:45:58,2026,4,30,11,45,58,51.0245315,3.7055154,20.12,23,30.37,1128.0
2026-04-30 13:46:09,2026,4,30,11,46,9,51.02447718333333,3.7053077666666665,20.12,23,30.39,1139.0
2026-04-30 13:46:20,2026,4,30,11,46,20,51.024409999999996,3.7051011666666662,20.12,23,30.44,1150.0
2026-04-30 13:46:31,2026,4,30,11,46,31,51.0243521,3.7048865500000003,20.12,23,30.44,1161.0
2026-04-30 13:46:42,2026,4,30,11,46,42,51.02429546666666,3.704680433333333,20.12,23,30.37,1172.0
2026-04-30 13:46:53,2026,4,30,11,46,53,51.02423116666666,3.7044758166666663,20.12,23,30.34,1183.0
2026-04-30 13:47:04,2026,4,30,11,47,4,51.0241706,3.7042733,20.15,23,30.21,1194.0
2026-04-30 13:47:15,2026,4,30,11,47,15,51.024110449999995,3.704074966666666,20.18,23,30.09,1205.0
2026-04-30 13:47:26,2026,4,30,11,47,26,51.02404263333333,3.7038544333333334,20.18,23,29.97,1216.0
2026-04-30 13:47:37,2026,4,30,11,47,37,51.0239782,3.7036512999999998,20.13,23,29.76,1227.0
2026-04-30 13:47:48,2026,4,30,11,47,48,51.0239121,3.7034364333333327,20.12,23,29.41,1238.0
2026-04-30 13:47:59,2026,4,30,11,47,59,51.02384598333333,3.7032230999999998,20.12,23,29.22,1249.0
2026-04-30 13:48:10,2026,4,30,11,48,10,51.0237952,3.703005,20.07,23,28.83,1260.0
2026-04-30 13:48:21,2026,4,30,11,48,21,51.02374158333333,3.7027932999999997,20.11,23,28.54,1271.0
2026-04-30 13:48:32,2026,4,30,11,48,32,51.02368483333333,3.7026011999999997,20.05,23,28.14,1282.0
2026-04-30 13:48:43,2026,4,30,11,48,43,51.023615050000004,3.7023834,20.0,23,27.86,1293.0
2026-04-30 13:48:54,2026,4,30,11,48,54,51.023554,3.7021869999999995,19.95,23,27.66,1304.0
2026-04-30 13:49:05,2026,4,30,11,49,5,51.02349028333333,3.701991483333333,19.93,23,27.55,1315.0
2026-04-30 13:49:16,2026,4,30,11,49,16,51.0234418,3.7018717,19.9,23,27.48,1326.0
2026-04-30 13:49:27,2026,4,30,11,49,27,51.02340428333332,3.7018668166666666,19.9,23,27.44,1337.0
2026-04-30 13:49:38,2026,4,30,11,49,38,51.02329776666666,3.701763033333333,19.86,23,27.33,1348.0
2026-04-30 13:49:49,2026,4,30,11,49,49,51.0232412,3.7015558000000004,19.84,23,27.16,1359.0
2026-04-30 13:50:00,2026,4,30,11,50,0,51.023216633333334,3.7015029666666663,19.84,23,27.12,1370.0
2026-04-30 13:50:11,2026,4,30,11,50,11,51.0232082,3.7015179,19.8,23,27.08,1381.0
2026-04-30 13:50:22,2026,4,30,11,50,22,51.0232026,3.7015108,19.79,23,27.05,1392.0
2026-04-30 13:50:33,2026,4,30,11,50,33,51.023199999999996,3.7015078999999997,19.79,23,27.0,1403.0
2026-04-30 13:50:44,2026,4,30,11,50,44,51.02320756666666,3.701500933333333,19.73,23,27.05,1414.0
2026-04-30 13:50:55,2026,4,30,11,50,55,51.02315145,3.70153575,19.73,23,27.06,1425.0
2026-04-30 13:51:06,2026,4,30,11,51,6,51.02302233333333,3.7014977666666664,19.72,24,27.08,1436.0
2026-04-30 13:51:17,2026,4,30,11,51,17,51.022971066666656,3.7013872833333332,19.69,24,27.17,1447.0
2026-04-30 13:51:28,2026,4,30,11,51,28,51.0228858,3.7012474,19.73,24,27.62,1458.0
2026-04-30 13:51:39,2026,4,30,11,51,39,51.022789716666665,3.701161583333333,19.73,24,27.83,1469.0
2026-04-30 13:51:50,2026,4,30,11,51,50,51.02267579999999,3.7011931666666666,19.73,24,28.0,1480.0
2026-04-30 13:52:01,2026,4,30,11,52,1,51.02258165,3.7012018500000003,19.73,25,28.12,1491.0
2026-04-30 13:52:12,2026,4,30,11,52,12,51.02248263333333,3.7011263999999997,19.73,25,28.12,1502.0
2026-04-30 13:52:23,2026,4,30,11,52,23,51.02239289999999,3.701007383333333,19.69,25,28.08,1513.0
2026-04-30 13:52:34,2026,4,30,11,52,34,51.0223175,3.7008617,19.68,25,27.86,1524.0
2026-04-30 13:52:45,2026,4,30,11,52,45,51.022311483333326,3.7006683999999996,19.63,24,27.54,1535.0
2026-04-30 13:52:56,2026,4,30,11,52,56,51.022269433333335,3.7004708999999996,19.68,24,27.37,1546.0
2026-04-30 13:53:07,2026,4,30,11,53,7,51.022155749999996,3.7003650500000003,19.62,24,27.23,1557.0
2026-04-30 13:53:18,2026,4,30,11,53,18,51.02202213333333,3.700343833333333,19.62,24,27.08,1568.0
2026-04-30 13:53:29,2026,4,30,11,53,29,51.021915199999995,3.7003799499999994,19.62,25,26.78,1579.0
2026-04-30 13:53:40,2026,4,30,11,53,40,51.0217862,3.7004737,19.62,26,26.55,1590.0
2026-04-30 13:53:51,2026,4,30,11,53,51,51.02167533333333,3.7005337666666662,19.62,26,26.23,1601.0
2026-04-30 13:54:02,2026,4,30,11,54,2,51.02157656666667,3.7005692000000003,19.59,26,25.86,1612.0
2026-04-30 13:54:13,2026,4,30,11,54,13,51.021470550000004,3.70064815,19.54,26,25.58,1623.0
2026-04-30 13:54:24,2026,4,30,11,54,24,51.021381533333326,3.7007700666666663,19.51,26,25.33,1634.0
2026-04-30 13:54:35,2026,4,30,11,54,35,51.02130793333333,3.7009046499999996,19.51,26,25.02,1645.0
2026-04-30 13:54:46,2026,4,30,11,54,46,51.0212461,3.7010716,19.47,26,24.7,1656.0
2026-04-30 13:54:57,2026,4,30,11,54,57,51.021154366666664,3.701196916666666,19.45,26,24.36,1667.0
2026-04-30 13:55:08,2026,4,30,11,55,8,51.02105076666666,3.7012824333333327,19.41,26,23.98,1678.0
2026-04-30 13:55:19,2026,4,30,11,55,19,51.02095775,3.70136505,19.35,26,23.66,1689.0
2026-04-30 13:55:30,2026,4,30,11,55,30,51.020817799999996,3.701420566666666,19.35,26,23.45,1700.0
2026-04-30 13:55:41,2026,4,30,11,55,41,51.020675066666655,3.7014016833333336,19.35,26,23.27,1711.0
2026-04-30 13:55:52,2026,4,30,11,55,52,51.0205518,3.7013539,19.29,26,23.05,1722.0
2026-04-30 13:56:03,2026,4,30,11,56,3,51.020417249999994,3.701377433333333,19.29,26,22.89,1733.0
2026-04-30 13:56:14,2026,4,30,11,56,14,51.02030836666667,3.701480033333333,19.28,27,22.67,1744.0
2026-04-30 13:56:25,2026,4,30,11,56,25,51.02019035,3.70158085,19.24,27,22.5,1755.0
2026-04-30 13:56:36,2026,4,30,11,56,36,51.0200657,3.7016601,19.21,27,22.23,1766.0
2026-04-30 13:56:47,2026,4,30,11,56,47,51.01995493333333,3.70171305,19.18,27,22.11,1777.0
2026-04-30 13:56:58,2026,4,30,11,56,58,51.0198533,3.7017521,19.15,27,21.96,1788.0
2026-04-30 13:57:09,2026,4,30,11,57,9,51.01974695,3.7017460333333325,19.13,27,21.87,1799.0
2026-04-30 13:57:20,2026,4,30,11,57,20,51.01962753333333,3.7017724,19.13,27,21.77,1810.0
2026-04-30 13:57:31,2026,4,30,11,57,31,51.01953445,3.7018724,19.08,27,21.66,1821.0
2026-04-30 13:57:42,2026,4,30,11,57,42,51.019484433333325,3.7020033999999997,19.07,27,21.62,1832.0
2026-04-30 13:57:53,2026,4,30,11,57,53,51.01944726666667,3.702159333333333,19.13,29,21.62,1843.0
2026-04-30 13:58:04,2026,4,30,11,58,4,51.0194329,3.7023193,19.07,29,21.62,1854.0
2026-04-30 13:58:15,2026,4,30,11,58,15,51.01940825,3.7024914499999992,19.06,29,21.62,1865.0
2026-04-30 13:58:26,2026,4,30,11,58,26,51.01943393333333,3.7026933333333334,19.01,29,21.59,1876.0
2026-04-30 13:58:37,2026,4,30,11,58,37,51.0194752,3.70290905,19.01,28,21.52,1887.0
2026-04-30 13:58:48,2026,4,30,11,58,48,51.0195229,3.7030981666666665,19.01,27,21.31,1898.0
2026-04-30 13:58:59,2026,4,30,11,58,59,51.019617499999995,3.7032110666666664,19.01,27,21.16,1909.0
2026-04-30 13:59:10,2026,4,30,11,59,10,51.019707,3.7032284,18.99,27,21.09,1920.0
2026-04-30 13:59:21,2026,4,30,11,59,21,51.019785533333334,3.703205366666666,18.96,27,21.05,1931.0
2026-04-30 13:59:32,2026,4,30,11,59,32,51.01990789999999,3.7031792666666665,18.99,29,20.98,1942.0
2026-04-30 13:59:43,2026,4,30,11,59,43,51.0200392,3.7031708,18.97,29,20.94,1953.0
2026-04-30 13:59:54,2026,4,30,11,59,54,51.0201681,3.7031669666666662,18.96,29,20.94,1964.0
2026-04-30 14:00:05,2026,4,30,12,0,5,51.02029721666666,3.7031784666666665,18.96,29,20.97,1975.0
2026-04-30 14:00:16,2026,4,30,12,0,16,51.0204492,3.7032263,18.96,29,21.0,1986.0
2026-04-30 14:00:27,2026,4,30,12,0,27,51.020601799999994,3.703326383333333,19.01,30,21.0,1997.0
2026-04-30 14:00:38,2026,4,30,12,0,38,51.02074573333333,3.7034093666666665,19.01,30,21.02,2008.0
2026-04-30 14:00:49,2026,4,30,12,0,49,51.0208779,3.7034637999999998,19.01,30,21.23,2019.0
2026-04-30 14:01:00,2026,4,30,12,1,0,51.02100556666666,3.703483,19.01,30,21.55,2030.0
2026-04-30 14:01:11,2026,4,30,12,1,11,51.021159999999995,3.7034693833333328,19.03,29,21.94,2041.0
2026-04-30 14:01:22,2026,4,30,12,1,22,51.0213043,3.7034237,19.09,29,22.15,2052.0
2026-04-30 14:01:33,2026,4,30,12,1,33,51.02143654999999,3.703362433333333,19.13,29,22.58,2063.0
2026-04-30 14:01:44,2026,4,30,12,1,44,51.02155293333333,3.703264033333333,19.15,29,23.09,2074.0
2026-04-30 14:01:55,2026,4,30,12,1,55,51.0216649,3.7031228,19.18,29,23.73,2085.0
2026-04-30 14:02:06,2026,4,30,12,2,6,51.02174506666667,3.702948966666667,19.21,30,24.41,2096.0
2026-04-30 14:02:17,2026,4,30,12,2,17,51.02182541666666,3.702768533333333,19.24,30,25.08,2107.0
2026-04-30 14:02:28,2026,4,30,12,2,28,51.0219267,3.7026438,19.28,30,25.42,2118.0
2026-04-30 14:02:39,2026,4,30,12,2,39,51.02202166666666,3.702549983333333,19.29,30,25.79,2129.0
2026-04-30 14:02:50,2026,4,30,12,2,50,51.0220959,3.7024187333333334,19.29,29,26.12,2140.0
2026-04-30 14:03:01,2026,4,30,12,3,1,51.02210875,3.7022512499999998,19.35,27,26.39,2151.0
2026-04-30 14:03:12,2026,4,30,12,3,12,51.022187499999994,3.702112033333333,19.35,27,26.7,2162.0
2026-04-30 14:03:23,2026,4,30,12,3,23,51.02227388333333,3.7019927333333325,19.36,27,27.31,2173.0
2026-04-30 14:03:34,2026,4,30,12,3,34,51.0223898,3.7018795,19.39,27,27.77,2184.0
2026-04-30 14:03:45,2026,4,30,12,3,45,51.02243131666666,3.7016855,19.36,27,28.16,2195.0
2026-04-30 14:03:56,2026,4,30,12,3,56,51.022440966666665,3.7015132333333334,19.4,28,28.5,2206.0
2026-04-30 14:04:07,2026,4,30,12,4,7,51.02248835,3.7013454,19.43,28,28.62,2217.0
2026-04-30 14:04:18,2026,4,30,12,4,18,51.02253086666666,3.7012708666666665,19.45,28,28.64,2228.0
2026-04-30 14:04:29,2026,4,30,12,4,29,51.02263405,3.7011941833333326,19.45,28,28.62,2239.0
2026-04-30 14:04:40,2026,4,30,12,4,40,51.02277,3.7011463,19.5,29,28.52,2250.0
2026-04-30 14:04:51,2026,4,30,12,4,51,51.022844449999994,3.7013012,19.51,29,28.19,2261.0
2026-04-30 14:05:02,2026,4,30,12,5,2,51.022847533333334,3.7014796999999993,19.51,29,27.92,2272.0
2026-04-30 14:05:13,2026,4,30,12,5,13,51.022864999999996,3.7016462499999996,19.51,29,27.71,2283.0
2026-04-30 14:05:24,2026,4,30,12,5,24,51.02286529999999,3.7018169666666667,19.57,28,27.44,2294.0
2026-04-30 14:05:35,2026,4,30,12,5,35,51.0229121,3.702020333333333,19.57,26,27.17,2305.0
2026-04-30 14:05:46,2026,4,30,12,5,46,51.0229432,3.7022501,19.57,26,26.92,2316.0
2026-04-30 14:05:57,2026,4,30,12,5,57,51.02298213333333,3.7024612166666664,19.58,26,26.64,2327.0
2026-04-30 14:06:08,2026,4,30,12,6,8,51.0230165,3.7026804999999996,19.61,26,26.39,2338.0
2026-04-30 14:06:19,2026,4,30,12,6,19,51.023056749999995,3.7028942000000002,19.57,26,26.12,2349.0
2026-04-30 14:06:30,2026,4,30,12,6,30,51.0230925,3.7031210999999997,19.57,25,25.89,2360.0
2026-04-30 14:06:41,2026,4,30,12,6,41,51.023015799999996,3.7032725,19.54,25,25.58,2371.0
2026-04-30 14:06:52,2026,4,30,12,6,52,51.0228864,3.7033346,19.51,25,25.36,2382.0
2026-04-30 14:07:03,2026,4,30,12,7,3,51.02276434999999,3.70339625,19.51,25,25.08,2393.0
2026-04-30 14:07:14,2026,4,30,12,7,14,51.0226349,3.703459866666666,19.51,25,25.06,2404.0
2026-04-30 14:07:25,2026,4,30,12,7,25,51.02251735,3.70352035,19.47,25,25.03,2415.0
2026-04-30 14:07:36,2026,4,30,12,7,36,51.0223916,3.703576866666667,19.45,25,25.0,2426.0
2026-04-30 14:07:47,2026,4,30,12,7,47,51.02227985,3.7036315833333333,19.45,25,25.0,2437.0
2026-04-30 14:07:58,2026,4,30,12,7,58,51.022156,3.7037106,19.4,25,24.92,2448.0
2026-04-30 14:08:09,2026,4,30,12,8,9,51.02202578333333,3.7037925999999994,19.4,25,24.73,2459.0
2026-04-30 14:08:20,2026,4,30,12,8,20,51.0218978,3.7038637999999997,19.35,25,24.55,2470.0
2026-04-30 14:08:31,2026,4,30,12,8,31,51.0217736,3.7039277,19.35,25,24.2,2481.0
2026-04-30 14:08:42,2026,4,30,12,8,42,51.0216427,3.7039968666666665,19.33,25,24.08,2492.0
2026-04-30 14:08:53,2026,4,30,12,8,53,51.0214993,3.70408415,19.29,25,23.84,2503.0
2026-04-30 14:09:04,2026,4,30,12,9,4,51.0213557,3.704161,19.26,25,23.81,2514.0
2026-04-30 14:09:15,2026,4,30,12,9,15,51.02120648333333,3.7042243333333333,19.24,25,23.83,2525.0
2026-04-30 14:09:26,2026,4,30,12,9,26,51.02106116666667,3.7042968999999997,19.21,25,23.94,2536.0
2026-04-30 14:09:37,2026,4,30,12,9,37,51.0209145,3.70437315,19.18,25,24.17,2547.0
2026-04-30 14:09:48,2026,4,30,12,9,48,51.02076709999999,3.7044520333333333,19.22,25,24.37,2558.0
2026-04-30 14:09:59,2026,4,30,12,9,59,51.02062235,3.704515766666666,19.19,25,24.59,2569.0
2026-04-30 14:10:10,2026,4,30,12,10,10,51.0204884,3.7045731,19.18,25,24.69,2580.0
2026-04-30 14:10:21,2026,4,30,12,10,21,51.020356066666665,3.7046809666666665,19.18,25,24.8,2591.0
2026-04-30 14:10:32,2026,4,30,12,10,32,51.020211266666664,3.7047734666666665,19.18,25,24.95,2602.0
2026-04-30 14:10:43,2026,4,30,12,10,43,51.02007775,3.7048633,19.18,25,25.05,2613.0
2026-04-30 14:10:54,2026,4,30,12,10,54,51.01995303333333,3.7049351666666666,19.18,25,25.19,2624.0
2026-04-30 14:11:05,2026,4,30,12,11,5,51.019820616666664,3.7050261,19.18,25,25.3,2635.0
2026-04-30 14:11:16,2026,4,30,12,11,16,51.0196747,3.7051115,19.18,25,25.41,2646.0
2026-04-30 14:11:27,2026,4,30,12,11,27,51.0195489,3.705211366666666,19.18,26,25.56,2657.0
2026-04-30 14:11:38,2026,4,30,12,11,38,51.01941723333333,3.7053036666666666,19.18,26,25.67,2668.0
2026-04-30 14:11:49,2026,4,30,12,11,49,51.01928185,3.7054035499999998,19.18,26,25.8,2679.0
2026-04-30 14:12:00,2026,4,30,12,12,0,51.01915013333333,3.705506033333333,19.18,26,25.9,2690.0
2026-04-30 14:12:11,2026,4,30,12,12,11,51.019028049999996,3.7056148666666666,19.22,26,26.28,2701.0
2026-04-30 14:12:22,2026,4,30,12,12,22,51.0189111,3.7057262,19.24,27,26.53,2712.0
2026-04-30 14:12:33,2026,4,30,12,12,33,51.01878396666666,3.705794233333333,19.24,27,26.69,2723.0
2026-04-30 14:12:44,2026,4,30,12,12,44,51.018657399999995,3.7058335999999996,19.28,27,26.7,2734.0
2026-04-30 14:12:55,2026,4,30,12,12,55,51.01855325,3.7059594999999996,19.29,27,26.78,2745.0
2026-04-30 14:13:06,2026,4,30,12,13,6,51.018445699999994,3.706073233333333,19.29,26,26.86,2756.0
2026-04-30 14:13:17,2026,4,30,12,13,17,51.01832314999999,3.7061762333333332,19.35,26,26.87,2767.0
2026-04-30 14:13:28,2026,4,30,12,13,28,51.0182018,3.7062774,19.35,26,26.7,2778.0
2026-04-30 14:13:39,2026,4,30,12,13,39,51.01807586666666,3.706389316666667,19.35,26,26.53,2789.0
2026-04-30 14:13:50,2026,4,30,12,13,50,51.01795983333333,3.7064903666666664,19.36,26,26.37,2800.0
2026-04-30 14:14:01,2026,4,30,12,14,1,51.0178371,3.70659085,19.38,26,26.31,2811.0
2026-04-30 14:14:12,2026,4,30,12,14,12,51.017709499999995,3.706679633333333,19.37,26,26.25,2822.0
2026-04-30 14:14:23,2026,4,30,12,14,23,51.017590433333325,3.7067623,19.4,26,26.16,2833.0
2026-04-30 14:14:34,2026,4,30,12,14,34,51.0174461,3.7068137,19.4,26,26.1,2844.0
2026-04-30 14:14:45,2026,4,30,12,14,45,51.01734099999999,3.70688825,19.4,26,25.98,2855.0
2026-04-30 14:14:56,2026,4,30,12,14,56,51.01723933333333,3.70702,19.44,27,25.77,2866.0
2026-04-30 14:15:07,2026,4,30,12,15,7,51.0171491,3.7071736,19.45,27,25.58,2877.0
2026-04-30 14:15:18,2026,4,30,12,15,18,51.01705023333332,3.7073088999999992,19.5,27,25.41,2888.0
2026-04-30 14:15:29,2026,4,30,12,15,29,51.016926883333326,3.7074024833333326,19.51,27,25.27,2899.0
2026-04-30 14:15:40,2026,4,30,12,15,40,51.0167961,3.7073605,19.51,26,25.25,2910.0
2026-04-30 14:15:51,2026,4,30,12,15,51,51.01667613333333,3.707250533333333,19.57,25,25.25,2921.0
2026-04-30 14:16:02,2026,4,30,12,16,2,51.01654933333333,3.7071582666666663,19.57,25,25.31,2932.0
2026-04-30 14:16:13,2026,4,30,12,16,13,51.01641995,3.7070754,19.57,25,25.52,2943.0
2026-04-30 14:16:24,2026,4,30,12,16,24,51.01631246666666,3.706967333333333,19.57,25,25.6,2954.0
2026-04-30 14:16:35,2026,4,30,12,16,35,51.01630603333333,3.70678525,19.57,26,25.84,2965.0
2026-04-30 14:16:46,2026,4,30,12,16,46,51.016352,3.7065975,19.57,26,26.08,2976.0
2026-04-30 14:16:57,2026,4,30,12,16,57,51.01638348333333,3.7063954666666663,19.57,26,26.33,2987.0
2026-04-30 14:17:08,2026,4,30,12,17,8,51.016446233333326,3.7062089666666664,19.6,26,26.69,2998.0
2026-04-30 14:17:19,2026,4,30,12,17,19,51.01651375,3.70601775,19.58,26,27.03,3009.0
2026-04-30 14:17:30,2026,4,30,12,17,30,51.016587599999994,3.7058265666666665,19.61,26,27.19,3020.0
2026-04-30 14:17:41,2026,4,30,12,17,41,51.01665979999999,3.7056584,19.67,26,27.35,3031.0
2026-04-30 14:17:52,2026,4,30,12,17,52,51.0167318,3.7054834,19.68,26,27.48,3042.0
2026-04-30 14:18:03,2026,4,30,12,18,3,51.016797749999995,3.7053024999999997,19.68,26,27.53,3053.0
2026-04-30 14:18:14,2026,4,30,12,18,14,51.01686826666666,3.7051347666666663,19.62,26,27.66,3064.0
2026-04-30 14:18:25,2026,4,30,12,18,25,51.01694155,3.7049577,19.62,26,27.73,3075.0
2026-04-30 14:18:36,2026,4,30,12,18,36,51.01701313333332,3.7047798666666667,19.64,26,27.75,3086.0
2026-04-30 14:18:47,2026,4,30,12,18,47,51.01708206666666,3.7045896333333332,19.68,26,27.86,3097.0
2026-04-30 14:18:58,2026,4,30,12,18,58,51.0171511,3.7043985,19.68,26,28.01,3108.0
2026-04-30 14:19:09,2026,4,30,12,19,9,51.01722913333333,3.704220883333333,19.68,26,28.27,3119.0
2026-04-30 14:19:20,2026,4,30,12,19,20,51.01730093333333,3.7040355333333332,19.7,26,28.53,3130.0
2026-04-30 14:19:31,2026,4,30,12,19,31,51.017367300000004,3.7038489500000003,19.73,26,28.8,3141.0
2026-04-30 14:19:42,2026,4,30,12,19,42,51.01744023333333,3.7036726666666664,19.73,26,29.03,3152.0
2026-04-30 14:19:53,2026,4,30,12,19,53,51.01746483333333,3.703507966666667,19.77,26,29.22,3163.0
2026-04-30 14:20:04,2026,4,30,12,20,4,51.0173978,3.7033467,19.79,26,29.33,3174.0
2026-04-30 14:20:15,2026,4,30,12,20,15,51.01740199999999,3.703169983333333,19.83,26,29.36,3185.0
2026-04-30 14:20:26,2026,4,30,12,20,26,51.01739526666666,3.702983633333333,19.84,26,29.23,3196.0
2026-04-30 14:20:37,2026,4,30,12,20,37,51.0173754,3.7028184,19.84,26,29.19,3207.0
2026-04-30 14:20:48,2026,4,30,12,20,48,51.017347533333336,3.7026532999999997,19.85,26,29.19,3218.0
2026-04-30 14:20:59,2026,4,30,12,20,59,51.01732468333333,3.70248535,19.89,27,29.22,3229.0
2026-04-30 14:21:10,2026,4,30,12,21,10,51.0173195,3.7023172,19.86,27,29.39,3240.0
2026-04-30 14:21:21,2026,4,30,12,21,21,51.01733959999999,3.70217755,19.91,27,29.58,3251.0
2026-04-30 14:21:32,2026,4,30,12,21,32,51.01737516666667,3.7020744999999997,19.95,27,29.81,3262.0
2026-04-30 14:21:43,2026,4,30,12,21,43,51.0174567,3.7020098,19.98,27,30.05,3273.0
2026-04-30 14:21:54,2026,4,30,12,21,54,51.01755696666666,3.7019760333333327,20.01,27,30.42,3284.0
2026-04-30 14:22:05,2026,4,30,12,22,5,51.017662433333335,3.7019739166666663,20.04,27,30.56,3295.0
2026-04-30 14:22:16,2026,4,30,12,22,16,51.0177711,3.7019776,20.07,27,30.75,3306.0
2026-04-30 14:22:27,2026,4,30,12,22,27,51.017881733333326,3.7019535166666664,20.07,27,30.86,3317.0
2026-04-30 14:22:38,2026,4,30,12,22,38,51.0179694,3.7019853666666664,20.07,27,30.94,3328.0
2026-04-30 14:22:49,2026,4,30,12,22,49,51.0180602,3.7020189,20.11,27,31.0,3339.0
2026-04-30 14:23:00,2026,4,30,12,23,0,51.01813423333333,3.701867133333333,20.18,27,31.0,3350.0
2026-04-30 14:23:11,2026,4,30,12,23,11,51.01819181666666,3.7016904499999996,20.12,27,31.0,3361.0
2026-04-30 14:23:22,2026,4,30,12,23,22,51.0182606,3.701531,20.19,27,30.96,3372.0
2026-04-30 14:23:33,2026,4,30,12,23,33,51.01832854999999,3.7014280999999993,20.25,27,30.84,3383.0
2026-04-30 14:23:44,2026,4,30,12,23,44,51.01840756666666,3.7015417,20.29,27,30.75,3394.0
2026-04-30 14:23:55,2026,4,30,12,23,55,51.0184686,3.7016843,20.29,27,30.75,3405.0
2026-04-30 14:24:06,2026,4,30,12,24,6,51.01853486666666,3.7018486,20.29,27,30.72,3416.0
2026-04-30 14:24:17,2026,4,30,12,24,17,51.01860348333332,3.7020258499999996,20.31,26,30.44,3427.0
2026-04-30 14:24:28,2026,4,30,12,24,28,51.0186657,3.7021889,20.31,26,30.06,3438.0
2026-04-30 14:24:39,2026,4,30,12,24,39,51.01873644999999,3.7023493166666666,20.29,26,29.58,3449.0
2026-04-30 14:24:50,2026,4,30,12,24,50,51.01879696666666,3.7025277666666665,20.33,26,29.17,3460.0
2026-04-30 14:25:01,2026,4,30,12,25,1,51.018869550000005,3.70268955,20.34,26,28.75,3471.0
2026-04-30 14:25:12,2026,4,30,12,25,12,51.01891513333333,3.7028608666666667,20.3,26,28.26,3482.0
2026-04-30 14:25:23,2026,4,30,12,25,23,51.0190008,3.7030417166666663,20.23,26,27.81,3493.0
2026-04-30 14:25:34,2026,4,30,12,25,34,51.0190965,3.7032371,20.23,26,27.47,3504.0
2026-04-30 14:25:45,2026,4,30,12,25,45,51.019202199999995,3.703372,20.23,26,27.08,3515.0
2026-04-30 14:25:56,2026,4,30,12,25,56,51.01930529999999,3.7035351999999997,20.17,26,26.71,3526.0
2026-04-30 14:26:07,2026,4,30,12,26,7,51.01938225,3.7037192,20.12,27,26.44,3537.0
2026-04-30 14:26:18,2026,4,30,12,26,18,51.019455066666666,3.703893966666666,20.12,27,26.3,3548.0
2026-04-30 14:26:29,2026,4,30,12,26,29,51.01951653333333,3.704053983333333,20.1,27,26.12,3559.0
2026-04-30 14:26:40,2026,4,30,12,26,40,51.0196068,3.7042187,20.07,27,26.11,3570.0
2026-04-30 14:26:51,2026,4,30,12,26,51,51.019686899999996,3.704385433333333,20.04,25,25.98,3581.0
2026-04-30 14:27:02,2026,4,30,12,27,2,51.019771766666665,3.704551266666666,19.98,25,25.8,3592.0
2026-04-30 14:27:13,2026,4,30,12,27,13,51.01983765,3.70475325,19.91,25,25.75,3603.0
2026-04-30 14:27:24,2026,4,30,12,27,24,51.019899566666666,3.704949333333333,19.9,25,25.67,3614.0
2026-04-30 14:27:35,2026,4,30,12,27,35,51.019958966666664,3.7051307333333328,19.82,25,25.48,3625.0
2026-04-30 14:27:46,2026,4,30,12,27,46,51.0200185,3.7053052,19.74,24,25.19,3636.0
2026-04-30 14:27:57,2026,4,30,12,27,57,51.02007526666666,3.705499283333333,19.62,24,24.91,3647.0
2026-04-30 14:28:08,2026,4,30,12,28,8,51.020133933333334,3.7056975333333333,19.57,24,24.62,3658.0
2026-04-30 14:28:19,2026,4,30,12,28,19,51.0201894,3.7058839,19.43,24,24.24,3669.0
2026-04-30 14:28:30,2026,4,30,12,28,30,51.020255,3.706069133333333,19.33,25,24.0,3680.0
2026-04-30 14:28:41,2026,4,30,12,28,41,51.02032213333333,3.706249166666666,19.28,25,23.81,3691.0
2026-04-30 14:28:52,2026,4,30,12,28,52,51.0203968,3.706428,19.22,25,23.42,3702.0
2026-04-30 14:29:03,2026,4,30,12,29,3,51.02047123333333,3.706606733333333,19.14,25,23.36,3713.0
2026-04-30 14:29:14,2026,4,30,12,29,14,51.02054553333333,3.706778333333333,19.07,25,23.31,3724.0
2026-04-30 14:29:25,2026,4,30,12,29,25,51.0206217,3.70696235,19.07,25,23.31,3735.0
2026-04-30 14:29:36,2026,4,30,12,29,36,51.020684033333325,3.7071040666666666,19.04,25,23.31,3746.0
2026-04-30 14:29:47,2026,4,30,12,29,47,51.02075181666666,3.707267783333333,19.01,25,23.31,3757.0
2026-04-30 14:29:58,2026,4,30,12,29,58,51.0208183,3.7074496,19.01,25,23.48,3768.0
2026-04-30 14:30:09,2026,4,30,12,30,9,51.02086993333333,3.7076267166666668,19.01,25,23.8,3779.0
2026-04-30 14:30:20,2026,4,30,12,30,20,51.020969333333326,3.7077166666666663,19.01,26,24.11,3790.0
2026-04-30 14:30:31,2026,4,30,12,30,31,51.02108705,3.7076834,19.07,26,24.33,3801.0
2026-04-30 14:30:42,2026,4,30,12,30,42,51.02116943333333,3.7078173,19.07,26,24.55,3812.0
2026-04-30 14:30:53,2026,4,30,12,30,53,51.02123805,3.7079736999999993,19.08,26,24.86,3823.0
2026-04-30 14:31:04,2026,4,30,12,31,4,51.0213139,3.7081178,19.14,26,25.11,3834.0
2026-04-30 14:31:15,2026,4,30,12,31,15,51.021386783333334,3.7082786499999996,19.18,27,25.3,3845.0
2026-04-30 14:31:26,2026,4,30,12,31,26,51.02147243333333,3.708456433333333,19.2,27,25.59,3856.0
2026-04-30 14:31:37,2026,4,30,12,31,37,51.0215423,3.7086226,19.24,27,25.7,3867.0
2026-04-30 14:31:48,2026,4,30,12,31,48,51.02161166666666,3.7087844666666667,19.26,27,25.87,3878.0
2026-04-30 14:31:59,2026,4,30,12,31,59,51.021692099999996,3.708930783333333,19.32,26,26.14,3889.0
2026-04-30 14:32:10,2026,4,30,12,32,10,51.0218073,3.7090316,19.35,26,26.25,3900.0
2026-04-30 14:32:21,2026,4,30,12,32,21,51.02189846666666,3.709190466666666,19.35,26,26.47,3911.0
2026-04-30 14:32:32,2026,4,30,12,32,32,51.02191859999999,3.7092335999999997,19.39,26,26.5,3922.0
2026-04-30 14:32:43,2026,4,30,12,32,43,51.02191725,3.7092409,19.44,26,26.77,3933.0
2026-04-30 14:32:54,2026,4,30,12,32,54,51.02191766666667,3.709242466666666,19.45,26,26.87,3944.0
2026-04-30 14:33:05,2026,4,30,12,33,5,51.021918783333334,3.709247333333333,19.45,26,26.83,3955.0
2026-04-30 14:33:16,2026,4,30,12,33,16,51.0219233,3.7092584,19.51,26,26.69,3966.0
2026-04-30 14:33:27,2026,4,30,12,33,27,51.02198753333333,3.7093873166666667,19.52,26,26.49,3977.0
2026-04-30 14:33:38,2026,4,30,12,33,38,51.02209906666667,3.7094259666666662,19.57,26,26.39,3988.0
2026-04-30 14:33:49,2026,4,30,12,33,49,51.022219500000006,3.70943485,19.57,26,26.36,3999.0
2026-04-30 14:34:00,2026,4,30,12,34,0,51.02235226666666,3.7094383666666664,19.59,26,26.27,4010.0
2026-04-30 14:34:11,2026,4,30,12,34,11,51.022481516666666,3.709444883333333,19.62,26,26.19,4021.0
2026-04-30 14:34:22,2026,4,30,12,34,22,51.0226133,3.7094466,19.65,26,26.19,4032.0
2026-04-30 14:34:33,2026,4,30,12,34,33,51.02274056666667,3.709456933333333,19.68,27,26.19,4043.0
2026-04-30 14:34:44,2026,4,30,12,34,44,51.022878199999994,3.7094606,19.68,27,26.19,4054.0
2026-04-30 14:34:55,2026,4,30,12,34,55,51.023004099999994,3.7094614000000004,19.68,27,26.2,4065.0
2026-04-30 14:35:06,2026,4,30,12,35,6,51.02314776666666,3.7094663333333333,19.68,27,26.37,4076.0
2026-04-30 14:35:17,2026,4,30,12,35,17,51.0232798,3.7094795499999997,19.72,27,26.46,4087.0
2026-04-30 14:35:28,2026,4,30,12,35,28,51.0234025,3.7095249,19.73,27,26.69,4098.0
2026-04-30 14:35:39,2026,4,30,12,35,39,51.02351804999999,3.709536616666666,19.73,27,26.78,4109.0
2026-04-30 14:35:50,2026,4,30,12,35,50,51.023657766666666,3.7095678,19.74,27,26.81,4120.0
2026-04-30 14:36:01,2026,4,30,12,36,1,51.023775349999994,3.70959985,19.79,27,26.84,4131.0
2026-04-30 14:36:12,2026,4,30,12,36,12,51.023906499999995,3.7096278333333332,19.79,27,26.87,4142.0
2026-04-30 14:36:23,2026,4,30,12,36,23,51.02402801666666,3.709668933333333,19.8,27,26.87,4153.0
2026-04-30 14:36:34,2026,4,30,12,36,34,51.0241369,3.7097133,19.84,27,26.96,4164.0
2026-04-30 14:36:45,2026,4,30,12,36,45,51.02426578333333,3.7097828499999994,19.87,27,27.0,4175.0
2026-04-30 14:36:56,2026,4,30,12,36,56,51.0242862,3.70986,19.9,27,27.0,4186.0
2026-04-30 14:37:07,2026,4,30,12,37,7,51.02417355,3.7098096,19.9,26,27.0,4197.0
2026-04-30 14:37:18,2026,4,30,12,37,18,51.024028666666666,3.7097827333333333,19.9,26,27.14,4208.0
2026-04-30 14:37:29,2026,4,30,12,37,29,51.02389003333333,3.7097972166666664,19.9,26,27.2,4219.0
2026-04-30 14:37:40,2026,4,30,12,37,40,51.0237723,3.7098614,19.94,26,27.27,4230.0
2026-04-30 14:37:51,2026,4,30,12,37,51,51.02366938333333,3.709972266666666,19.95,26,27.31,4241.0
2026-04-30 14:38:02,2026,4,30,12,38,2,51.0236004,3.7101385666666666,20.01,27,27.31,4252.0
2026-04-30 14:38:13,2026,4,30,12,38,13,51.0235536,3.7103120499999998,20.01,27,27.31,4263.0
2026-04-30 14:38:24,2026,4,30,12,38,24,51.023521233333334,3.710484633333333,20.02,27,27.37,4274.0
2026-04-30 14:38:35,2026,4,30,12,38,35,51.02345818333333,3.710651116666666,20.07,27,27.37,4285.0
2026-04-30 14:38:46,2026,4,30,12,38,46,51.0234191,3.7108508,20.07,26,27.37,4296.0
2026-04-30 14:38:57,2026,4,30,12,38,57,51.023357516666664,3.7109893499999997,20.07,26,27.35,4307.0
2026-04-30 14:39:08,2026,4,30,12,39,8,51.02329706666666,3.7110159666666664,20.04,26,27.05,4318.0
2026-04-30 14:39:19,2026,4,30,12,39,19,51.02328915,3.71100685,19.98,26,26.75,4329.0
2026-04-30 14:39:30,2026,4,30,12,39,30,51.0232773,3.7109967,19.93,26,26.67,4340.0
2026-04-30 14:39:41,2026,4,30,12,39,41,51.023238800000016,3.7109978000000012,19.9,25,26.51,4351.0
2026-04-30 14:39:52,2026,4,30,12,39,52,51.02320030000001,3.7109989000000017,19.86,25,26.39,4362.0
2026-04-30 14:40:03,2026,4,30,12,40,3,51.023161800000025,3.711000000000002,19.8,25,26.14,4373.0
2026-04-30 14:40:14,2026,4,30,12,40,14,51.02312330000001,3.7110011000000007,19.79,25,26.12,4384.0
2026-04-30 14:40:25,2026,4,30,12,40,25,51.02308480000005,3.711002200000003,19.79,25,26.28,4395.0
2026-04-30 14:40:36,2026,4,30,12,40,36,51.02304630000003,3.7110033000000016,19.79,26,26.5,4406.0
2026-04-30 14:40:47,2026,4,30,12,40,47,51.02300779999996,3.7110044000000073,19.73,26,26.61,4417.0
2026-04-30 14:40:58,2026,4,30,12,40,58,51.0229693,3.711005500000006,19.73,26,26.65,4428.0
2026-04-30 14:41:09,2026,4,30,12,41,9,51.02293080000004,3.7110066000000046,19.72,26,26.69,4439.0
2026-04-30 14:41:20,2026,4,30,12,41,20,51.02289230000008,3.711007699999996,19.68,26,26.75,4450.0
2026-04-30 14:41:31,2026,4,30,12,41,31,51.02285380000012,3.711008800000002,19.68,26,26.75,4461.0
2026-04-30 14:41:42,2026,4,30,12,41,42,51.02281530000005,3.7110099000000076,19.65,26,26.72,4472.0
2026-04-30 14:41:53,2026,4,30,12,41,53,51.0227768000002,3.7110110000000134,19.65,26,26.62,4483.0
2026-04-30 14:42:04,2026,4,30,12,42,4,51.02273830000013,3.711012100000005,19.64,26,26.49,4494.0
2026-04-30 14:42:15,2026,4,30,12,42,15,51.022699800000055,3.7110132000000107,19.62,27,26.44,4505.0
2026-04-30 14:42:26,2026,4,30,12,42,26,51.02266130000021,3.711014300000002,19.62,27,26.39,4516.0
2026-04-30 14:42:37,2026,4,30,12,42,37,51.022622800000136,3.711015400000022,19.66,27,26.19,4527.0
2026-04-30 14:42:48,2026,4,30,12,42,48,51.02258430000006,3.7110165000000137,19.63,27,26.19,4538.0
2026-04-30 14:42:59,2026,4,30,12,42,59,51.02254579999999,3.7110176000000195,19.62,27,26.19,4549.0
2026-04-30 14:43:10,2026,4,30,12,43,10,51.02250730000014,3.711018700000011,19.68,27,26.23,4560.0
2026-04-30 14:43:21,2026,4,30,12,43,21,51.02246880000007,3.7110198000000025,19.63,27,26.41,4571.0
2026-04-30 14:43:32,2026,4,30,12,43,32,51.022430300000224,3.7110209000000225,19.68,27,26.72,4582.0
2026-04-30 14:43:43,2026,4,30,12,43,43,51.02239180000015,3.711022000000014,19.68,27,27.0,4593.0
2026-04-30 14:43:54,2026,4,30,12,43,54,51.02235329999985,3.7110231000000056,19.68,27,27.27,4604.0
2026-04-30 14:44:05,2026,4,30,12,44,5,51.02231480000046,3.711024199999997,19.68,26,27.56,4615.0
