datetime,year,month,day,hour,minute,second,latitude,longitude,Davistemp,Davishumidity,BlackGlobetemp,speed,direction,TotalSeconds
2026-04-30 13:27:40,2026,4,30,11,27,40,51.0233687,3.7107628,20.16,20,18.94,1.0,29899482.0,30.0
2026-04-30 13:27:46,2026,4,30,11,27,46,51.0234514,3.7107116,20.25,20,19.31,1.0,28346296.0,36.0
2026-04-30 13:27:52,2026,4,30,11,27,52,51.023519,3.7106922,20.33,19,20.19,1.0,28346296.0,42.0
2026-04-30 13:27:58,2026,4,30,11,27,58,51.0235543,3.7106571,20.4,20,21.0,0.0,33122762.0,48.0
2026-04-30 13:28:04,2026,4,30,11,28,4,51.0234645,3.7104833,20.51,19,21.37,2.0,26583556.0,54.0
2026-04-30 13:28:10,2026,4,30,11,28,10,51.0235316,3.7104267,20.67,18,22.0,1.0,28338364.0,60.0
2026-04-30 13:28:16,2026,4,30,11,28,16,51.02357,3.7102712,20.77,18,22.81,1.0,29063900.0,66.0
2026-04-30 13:28:22,2026,4,30,11,28,22,51.023574,3.7101834,20.41,18,23.44,0.0,29063900.0,72.0
2026-04-30 13:28:28,2026,4,30,11,28,28,51.0234292,3.7101506,20.43,18,23.81,0.0,29063900.0,78.0
2026-04-30 13:28:34,2026,4,30,11,28,34,51.0235121,3.7102564,20.49,18,24.06,0.0,29063900.0,84.0
2026-04-30 13:28:40,2026,4,30,11,28,40,51.0235029,3.7102367,20.74,18,24.5,0.0,29063900.0,90.0
2026-04-30 13:28:46,2026,4,30,11,28,46,51.0234966,3.7102318,20.71,18,25.37,0.0,29063900.0,96.0
2026-04-30 13:28:52,2026,4,30,11,28,52,51.0234976,3.7102381,20.77,18,25.5,0.0,29063900.0,102.0
2026-04-30 13:28:58,2026,4,30,11,28,58,51.0235153,3.7102623,20.73,18,25.75,0.0,29063900.0,108.0
2026-04-30 13:29:04,2026,4,30,11,29,4,51.0235257,3.7102733,20.77,18,26.0,0.0,29063900.0,114.0
2026-04-30 13:29:10,2026,4,30,11,29,10,51.0235265,3.7102775,20.65,18,26.0,0.0,29063900.0,120.0
2026-04-30 13:29:16,2026,4,30,11,29,16,51.0235326,3.7102822,20.73,18,26.06,0.0,29063900.0,126.0
2026-04-30 13:29:22,2026,4,30,11,29,22,51.0235372,3.7102791,20.96,18,26.19,0.0,29063900.0,132.0
2026-04-30 13:29:28,2026,4,30,11,29,28,51.0235363,3.7102726,20.98,19,26.56,0.0,29063900.0,138.0
2026-04-30 13:29:34,2026,4,30,11,29,34,51.0235385,3.7102797,21.01,18,26.62,0.0,29063900.0,144.0
2026-04-30 13:29:40,2026,4,30,11,29,40,51.0235398,3.7102824,20.95,18,26.31,0.0,29063900.0,150.0
2026-04-30 13:29:46,2026,4,30,11,29,46,51.0235446,3.7102913,20.91,18,26.12,0.0,29063900.0,156.0
2026-04-30 13:29:52,2026,4,30,11,29,52,51.023535,3.7102737,20.85,18,25.69,0.0,29063900.0,162.0
2026-04-30 13:29:58,2026,4,30,11,29,58,51.0235336,3.710269,20.92,18,25.37,0.0,29063900.0,168.0
2026-04-30 13:30:04,2026,4,30,11,30,4,51.0235016,3.7102875,20.86,18,25.19,0.0,29063900.0,174.0
2026-04-30 13:30:10,2026,4,30,11,30,10,51.0234891,3.7103611,20.96,18,25.12,0.0,29063900.0,180.0
2026-04-30 13:30:16,2026,4,30,11,30,16,51.0234939,3.7104056,21.06,18,25.31,0.0,29063900.0,186.0
2026-04-30 13:30:22,2026,4,30,11,30,22,51.0234912,3.7104593,21.15,18,25.5,0.0,29063900.0,192.0
2026-04-30 13:30:28,2026,4,30,11,30,28,51.0234912,3.7104613,21.07,18,25.5,0.0,29063900.0,198.0
2026-04-30 13:30:34,2026,4,30,11,30,34,51.0234804,3.7104492,21.0,19,25.37,0.0,29063900.0,204.0
2026-04-30 13:30:40,2026,4,30,11,30,40,51.0234738,3.7104466,20.99,19,25.0,0.0,29063900.0,210.0
2026-04-30 13:30:46,2026,4,30,11,30,46,51.0234569,3.7104438,21.12,19,24.87,0.0,29063900.0,216.0
2026-04-30 13:30:52,2026,4,30,11,30,52,51.0234387,3.7104728,21.24,19,24.94,0.0,29063900.0,222.0
2026-04-30 13:30:58,2026,4,30,11,30,58,51.0233896,3.7104839,21.32,19,25.37,0.0,29063900.0,228.0
2026-04-30 13:31:04,2026,4,30,11,31,4,51.0233725,3.7104964,21.43,18,26.25,0.0,29063900.0,234.0
2026-04-30 13:31:10,2026,4,30,11,31,10,51.0233808,3.7105065,21.51,19,27.0,0.0,29063900.0,240.0
2026-04-30 13:31:16,2026,4,30,11,31,16,51.0233844,3.7105175,21.6,19,27.69,0.0,29063900.0,246.0
2026-04-30 13:31:22,2026,4,30,11,31,22,51.0233863,3.7105153,21.69,20,28.5,0.0,29063900.0,252.0
2026-04-30 13:31:28,2026,4,30,11,31,28,51.0233244,3.7104725,21.78,19,29.06,0.0,29063900.0,258.0
2026-04-30 13:31:34,2026,4,30,11,31,34,51.02328,3.7104489,21.86,19,29.56,0.0,29063900.0,264.0
2026-04-30 13:31:40,2026,4,30,11,31,40,51.0232546,3.7104415,21.93,18,30.12,0.0,29063900.0,270.0
2026-04-30 13:31:46,2026,4,30,11,31,46,51.023223,3.71043,22.02,20,30.5,0.0,19838396.0,276.0
2026-04-30 13:31:52,2026,4,30,11,31,52,51.0232216,3.7104269,22.07,20,30.56,0.0,19838396.0,282.0
2026-04-30 13:31:58,2026,4,30,11,31,58,51.0232156,3.710431,22.08,20,30.56,0.0,19838396.0,288.0
2026-04-30 13:32:04,2026,4,30,11,32,4,51.023221,3.7104243,21.96,18,30.31,0.0,19838396.0,294.0
2026-04-30 13:32:10,2026,4,30,11,32,10,51.0232222,3.7104261,21.96,18,29.75,0.0,19838396.0,300.0
2026-04-30 13:32:16,2026,4,30,11,32,16,51.0232246,3.7104215,21.93,18,29.5,0.0,19838396.0,306.0
2026-04-30 13:32:22,2026,4,30,11,32,22,51.0232247,3.7104188,21.94,18,28.94,0.0,19838396.0,312.0
2026-04-30 13:32:28,2026,4,30,11,32,28,51.0232241,3.7104115,21.84,17,28.75,0.0,19838396.0,318.0
2026-04-30 13:32:34,2026,4,30,11,32,34,51.0232347,3.7104036,21.76,18,28.31,0.0,19838396.0,324.0
2026-04-30 13:32:40,2026,4,30,11,32,40,51.0232372,3.7103995,21.81,18,27.94,0.0,19838396.0,330.0
2026-04-30 13:32:46,2026,4,30,11,32,46,51.0232396,3.7103918,21.86,19,27.75,0.0,19838396.0,336.0
2026-04-30 13:32:52,2026,4,30,11,32,52,51.0232422,3.7103873,21.94,20,27.62,0.0,19838396.0,342.0
2026-04-30 13:32:58,2026,4,30,11,32,58,51.0232454,3.7103768,21.98,20,27.69,0.0,19838396.0,348.0
2026-04-30 13:33:04,2026,4,30,11,33,4,51.023246,3.7103829,22.15,21,27.69,0.0,19838396.0,354.0
2026-04-30 13:33:10,2026,4,30,11,33,10,51.0232347,3.7103862,22.27,21,28.0,0.0,19838396.0,360.0
2026-04-30 13:33:16,2026,4,30,11,33,16,51.0232222,3.7103918,22.33,19,28.19,0.0,19838396.0,366.0
2026-04-30 13:33:22,2026,4,30,11,33,22,51.0232099,3.7103925,22.37,18,28.25,0.0,19838396.0,372.0
2026-04-30 13:33:28,2026,4,30,11,33,28,51.0232069,3.710399,22.44,17,28.25,0.0,19838396.0,378.0
2026-04-30 13:33:34,2026,4,30,11,33,34,51.0232093,3.710406,22.51,17,28.44,0.0,28043716.0,384.0
2026-04-30 13:33:40,2026,4,30,11,33,40,51.0232213,3.7103941,22.53,18,28.37,0.0,28043716.0,390.0
2026-04-30 13:33:46,2026,4,30,11,33,46,51.0232063,3.7103994,22.56,18,28.37,0.0,28043716.0,396.0
2026-04-30 13:33:52,2026,4,30,11,33,52,51.0231942,3.7104028,22.59,18,28.44,0.0,28043716.0,402.0
2026-04-30 13:33:58,2026,4,30,11,33,58,51.0231908,3.7104062,22.63,18,28.5,0.0,28043716.0,408.0
2026-04-30 13:34:04,2026,4,30,11,34,4,51.0232911,3.7103626,22.67,17,28.75,0.0,28043716.0,414.0
2026-04-30 13:34:10,2026,4,30,11,34,10,51.0233395,3.7103513,22.71,17,29.06,0.0,28043716.0,420.0
2026-04-30 13:34:16,2026,4,30,11,34,16,51.0233639,3.7103447,22.78,18,29.5,0.0,28043716.0,426.0
2026-04-30 13:34:22,2026,4,30,11,34,22,51.0233693,3.7103401,22.82,18,29.69,0.0,28043716.0,432.0
2026-04-30 13:34:28,2026,4,30,11,34,28,51.0233728,3.7103313,22.79,17,30.0,0.0,28043716.0,438.0
2026-04-30 13:34:34,2026,4,30,11,34,34,51.0233912,3.7102913,22.63,16,29.81,0.0,28043716.0,444.0
2026-04-30 13:34:40,2026,4,30,11,34,40,51.0234038,3.7102511,22.58,16,29.31,0.0,28043716.0,450.0
2026-04-30 13:34:46,2026,4,30,11,34,46,51.0233962,3.7102478,22.58,16,29.12,0.0,28043716.0,456.0
2026-04-30 13:34:52,2026,4,30,11,34,52,51.0233785,3.710287,22.52,17,28.69,0.0,28043716.0,462.0
2026-04-30 13:34:58,2026,4,30,11,34,58,51.0233908,3.7103391,22.51,17,28.06,0.0,28043716.0,468.0
2026-04-30 13:35:04,2026,4,30,11,35,4,51.0233859,3.7103801,22.44,18,27.44,0.0,28043716.0,474.0
2026-04-30 13:35:10,2026,4,30,11,35,10,51.0233876,3.7104091,22.5,18,26.94,0.0,28043716.0,480.0
2026-04-30 13:35:16,2026,4,30,11,35,16,51.0233981,3.7104274,22.52,18,26.94,0.0,28043716.0,486.0
2026-04-30 13:35:22,2026,4,30,11,35,22,51.0233982,3.7104514,22.53,18,27.31,0.0,28043716.0,492.0
2026-04-30 13:35:28,2026,4,30,11,35,28,51.023406,3.7104721,22.56,18,27.81,0.0,28043716.0,498.0
2026-04-30 13:35:34,2026,4,30,11,35,34,51.0234128,3.7104854,22.57,18,28.37,0.0,28043716.0,504.0
2026-04-30 13:35:40,2026,4,30,11,35,40,51.0234249,3.7105037,22.58,18,28.94,0.0,28043716.0,510.0
2026-04-30 13:35:46,2026,4,30,11,35,46,51.0234357,3.7105257,22.57,18,29.5,0.0,28043716.0,516.0
2026-04-30 13:35:52,2026,4,30,11,35,52,51.0234382,3.7105361,22.63,18,29.94,0.0,28043716.0,522.0
2026-04-30 13:35:58,2026,4,30,11,35,58,51.0234401,3.7105433,22.62,17,30.37,0.0,28043716.0,528.0
2026-04-30 13:36:04,2026,4,30,11,36,4,51.0234486,3.71054,22.68,18,30.62,0.0,28043716.0,534.0
2026-04-30 13:36:10,2026,4,30,11,36,10,51.0234515,3.710552,22.68,18,31.0,0.0,28043716.0,540.0
2026-04-30 13:36:16,2026,4,30,11,36,16,51.0234582,3.7105712,22.68,17,31.12,0.0,28043716.0,546.0
2026-04-30 13:36:22,2026,4,30,11,36,22,51.0234527,3.7105702,22.58,17,30.44,0.0,28043716.0,552.0
2026-04-30 13:36:28,2026,4,30,11,36,28,51.0234529,3.7105762,22.54,17,29.5,0.0,28043716.0,558.0
2026-04-30 13:36:34,2026,4,30,11,36,34,51.0234479,3.7105794,22.49,17,28.69,0.0,28043716.0,564.0
2026-04-30 13:36:40,2026,4,30,11,36,40,51.0234459,3.7105784,22.38,16,27.94,0.0,28043716.0,570.0
2026-04-30 13:36:46,2026,4,30,11,36,46,51.0234468,3.7105862,22.26,17,27.31,0.0,28043716.0,576.0
2026-04-30 13:36:52,2026,4,30,11,36,52,51.0234519,3.7105992,22.33,18,26.56,0.0,28043716.0,582.0
2026-04-30 13:36:58,2026,4,30,11,36,58,51.0234542,3.7106114,22.28,17,26.0,0.0,28043716.0,588.0
2026-04-30 13:37:04,2026,4,30,11,37,4,51.0234681,3.7105973,22.33,17,25.5,0.0,31747290.0,594.0
2026-04-30 13:37:10,2026,4,30,11,37,10,51.0234953,3.7105268,22.24,16,25.06,1.0,31638296.0,600.0
2026-04-30 13:37:16,2026,4,30,11,37,16,51.0235174,3.710438,22.32,18,24.81,1.0,29951408.0,606.0
2026-04-30 13:37:22,2026,4,30,11,37,22,51.0235309,3.7103936,22.35,19,24.81,0.0,29348080.0,612.0
2026-04-30 13:37:28,2026,4,30,11,37,28,51.0235567,3.7102861,22.43,18,24.94,1.0,29397432.0,618.0
2026-04-30 13:37:34,2026,4,30,11,37,34,51.0235709,3.7101399,22.56,17,25.56,1.0,29638636.0,624.0
2026-04-30 13:37:40,2026,4,30,11,37,40,51.0235913,3.7100091,22.6,17,26.19,1.0,30544148.0,630.0
2026-04-30 13:37:46,2026,4,30,11,37,46,51.0236327,3.7099272,22.77,17,27.0,1.0,32390524.0,636.0
2026-04-30 13:37:52,2026,4,30,11,37,52,51.023706,3.7098688,22.86,16,27.56,1.0,34005492.0,642.0
2026-04-30 13:37:58,2026,4,30,11,37,58,51.0237846,3.709818,22.82,16,28.0,1.0,34248084.0,648.0
2026-04-30 13:38:04,2026,4,30,11,38,4,51.0238482,3.7097808,22.51,16,28.06,1.0,34639144.0,654.0
2026-04-30 13:38:10,2026,4,30,11,38,10,51.0239174,3.7097485,22.13,16,27.81,1.0,34703324.0,660.0
2026-04-30 13:38:16,2026,4,30,11,38,16,51.0239897,3.7097273,22.15,16,27.5,1.0,35798956.0,666.0
2026-04-30 13:38:22,2026,4,30,11,38,22,51.0240638,3.7097369,22.06,16,27.19,1.0,908879.0,672.0
2026-04-30 13:38:28,2026,4,30,11,38,28,51.0241419,3.7097613,22.12,17,27.0,1.0,435154.0,678.0
2026-04-30 13:38:34,2026,4,30,11,38,34,51.0242151,3.7097995,22.05,17,26.69,1.0,2249195.0,684.0
2026-04-30 13:38:40,2026,4,30,11,38,40,51.024289,3.7098418,21.81,16,26.37,1.0,1750020.0,690.0
2026-04-30 13:38:46,2026,4,30,11,38,46,51.0243619,3.7098816,21.48,17,25.87,1.0,1542834.0,696.0
2026-04-30 13:38:52,2026,4,30,11,38,52,51.0244327,3.7099191,21.54,18,25.12,1.0,1213507.0,702.0
2026-04-30 13:38:58,2026,4,30,11,38,58,51.0245025,3.7099599,21.37,17,24.56,1.0,1812750.0,708.0
2026-04-30 13:39:04,2026,4,30,11,39,4,51.0245796,3.7100009,21.39,17,24.31,1.0,1601683.0,714.0
2026-04-30 13:39:10,2026,4,30,11,39,10,51.0246495,3.7100435,21.29,17,24.0,1.0,2170302.0,720.0
2026-04-30 13:39:16,2026,4,30,11,39,16,51.0247186,3.710093,21.14,17,23.69,1.0,2380833.0,726.0
2026-04-30 13:39:22,2026,4,30,11,39,22,51.0247915,3.7101434,21.18,17,23.5,1.0,1707529.0,732.0
2026-04-30 13:39:28,2026,4,30,11,39,28,51.0248619,3.710195,21.28,18,23.31,1.0,2127541.0,738.0
2026-04-30 13:39:34,2026,4,30,11,39,34,51.0249249,3.7102345,21.34,18,23.31,1.0,2870371.0,744.0
2026-04-30 13:39:40,2026,4,30,11,39,40,51.0249927,3.7102878,21.31,18,23.25,1.0,2469071.0,750.0
2026-04-30 13:39:46,2026,4,30,11,39,46,51.0250577,3.7103388,21.47,17,23.25,1.0,2627437.0,756.0
2026-04-30 13:39:52,2026,4,30,11,39,52,51.0251275,3.7103848,21.64,18,23.37,1.0,2634445.0,762.0
2026-04-30 13:39:58,2026,4,30,11,39,58,51.0251932,3.7104484,21.63,17,23.94,1.0,3134974.0,768.0
2026-04-30 13:40:04,2026,4,30,11,40,4,51.0252575,3.7105222,21.53,18,24.69,1.0,4305566.0,774.0
2026-04-30 13:40:10,2026,4,30,11,40,10,51.0253094,3.7105995,21.52,17,24.94,0.0,4465035.0,780.0
2026-04-30 13:40:16,2026,4,30,11,40,16,51.0253543,3.7106421,21.49,18,24.94,1.0,33878248.0,786.0
2026-04-30 13:40:22,2026,4,30,11,40,22,51.0254024,3.71058,21.58,18,24.87,1.0,31793804.0,792.0
2026-04-30 13:40:28,2026,4,30,11,40,28,51.0254128,3.7105039,21.53,18,24.75,0.0,26943156.0,798.0
2026-04-30 13:40:34,2026,4,30,11,40,34,51.025427,3.7103832,21.72,18,24.62,1.0,29057404.0,804.0
2026-04-30 13:40:40,2026,4,30,11,40,40,51.0254639,3.7102697,21.83,17,25.12,1.0,29840576.0,810.0
2026-04-30 13:40:46,2026,4,30,11,40,46,51.0255535,3.7102006,22.0,17,25.81,1.0,34054516.0,816.0
2026-04-30 13:40:52,2026,4,30,11,40,52,51.02563,3.710143,22.13,17,26.56,1.0,32262208.0,822.0
2026-04-30 13:40:58,2026,4,30,11,40,58,51.0256624,3.7100393,22.25,17,27.0,1.0,28760216.0,828.0
2026-04-30 13:41:04,2026,4,30,11,41,4,51.0256439,3.7099432,22.14,16,27.06,0.0,23970228.0,834.0
2026-04-30 13:41:10,2026,4,30,11,41,10,51.025666,3.7099258,22.06,16,26.75,1.0,2327637.0,840.0
2026-04-30 13:41:16,2026,4,30,11,41,16,51.0257419,3.7099149,21.85,16,26.06,1.0,34087984.0,846.0
2026-04-30 13:41:22,2026,4,30,11,41,22,51.0258172,3.7098947,21.83,16,25.5,1.0,34918128.0,852.0
2026-04-30 13:41:28,2026,4,30,11,41,28,51.0258498,3.7098131,21.98,16,25.06,1.0,27153036.0,858.0
2026-04-30 13:41:34,2026,4,30,11,41,34,51.0258222,3.7097218,21.99,16,25.19,1.0,24057486.0,864.0
2026-04-30 13:41:40,2026,4,30,11,41,40,51.025778,3.709616,22.08,16,25.62,1.0,23852616.0,870.0
2026-04-30 13:41:46,2026,4,30,11,41,46,51.0257419,3.709511,22.03,16,26.06,1.0,23524442.0,876.0
2026-04-30 13:41:52,2026,4,30,11,41,52,51.0256977,3.7094042,22.19,16,26.62,1.0,23630180.0,882.0
2026-04-30 13:41:58,2026,4,30,11,41,58,51.0256545,3.709295,22.43,16,27.12,1.0,23758148.0,888.0
2026-04-30 13:42:04,2026,4,30,11,42,4,51.0256067,3.7091856,22.68,16,27.94,1.0,23667988.0,894.0
2026-04-30 13:42:10,2026,4,30,11,42,10,51.0255659,3.7090773,22.86,16,28.75,1.0,24118000.0,900.0
2026-04-30 13:42:16,2026,4,30,11,42,16,51.0255294,3.7089757,23.09,16,29.5,1.0,24681264.0,906.0
2026-04-30 13:42:22,2026,4,30,11,42,22,51.0254926,3.7088798,23.26,15,30.19,1.0,23851888.0,912.0
2026-04-30 13:42:28,2026,4,30,11,42,28,51.0254622,3.7087592,23.3,15,30.69,1.0,24499404.0,918.0
2026-04-30 13:42:34,2026,4,30,11,42,34,51.0254188,3.7086463,23.38,15,31.0,1.0,23893716.0,924.0
2026-04-30 13:42:40,2026,4,30,11,42,40,51.0253908,3.7085343,23.44,15,31.19,1.0,24365792.0,930.0
2026-04-30 13:42:46,2026,4,30,11,42,46,51.0253521,3.7084167,23.54,15,31.31,1.0,24427468.0,936.0
2026-04-30 13:42:52,2026,4,30,11,42,52,51.0253099,3.7083083,23.68,15,31.69,1.0,24142040.0,942.0
2026-04-30 13:42:58,2026,4,30,11,42,58,51.0252824,3.7082234,23.82,15,31.94,0.0,24123848.0,948.0
2026-04-30 13:43:04,2026,4,30,11,43,4,51.0252744,3.7081916,23.91,15,32.25,1.0,24022600.0,954.0
2026-04-30 13:43:10,2026,4,30,11,43,10,51.0252388,3.7080891,24.01,15,32.25,0.0,25029120.0,960.0
2026-04-30 13:43:16,2026,4,30,11,43,16,51.0252224,3.7080659,24.15,16,32.25,0.0,25625336.0,966.0
2026-04-30 13:43:22,2026,4,30,11,43,22,51.0252223,3.7080607,24.27,16,32.56,0.0,25625336.0,972.0
2026-04-30 13:43:28,2026,4,30,11,43,28,51.0252253,3.7080662,24.36,16,32.88,0.0,25625336.0,978.0
2026-04-30 13:43:34,2026,4,30,11,43,34,51.0252132,3.7080741,24.4,15,32.88,0.0,25625336.0,984.0
2026-04-30 13:43:40,2026,4,30,11,43,40,51.0252067,3.7080733,24.4,15,32.88,0.0,25625336.0,990.0
2026-04-30 13:43:46,2026,4,30,11,43,46,51.0251979,3.708066,24.37,14,32.56,0.0,24633120.0,996.0
2026-04-30 13:43:52,2026,4,30,11,43,52,51.0251626,3.7079928,24.38,14,32.13,1.0,24174512.0,1002.0
2026-04-30 13:43:58,2026,4,30,11,43,58,51.02513,3.7078742,24.41,15,31.94,1.0,24650484.0,1008.0
2026-04-30 13:44:04,2026,4,30,11,44,4,51.0250997,3.7077492,24.28,15,31.69,1.0,24401476.0,1014.0
2026-04-30 13:44:10,2026,4,30,11,44,10,51.0250679,3.7076303,24.22,14,31.56,1.0,24343652.0,1020.0
2026-04-30 13:44:16,2026,4,30,11,44,16,51.0250385,3.7075112,24.17,15,31.25,1.0,24366076.0,1026.0
2026-04-30 13:44:22,2026,4,30,11,44,22,51.025011,3.707393,24.25,14,31.31,1.0,24684246.0,1032.0
2026-04-30 13:44:28,2026,4,30,11,44,28,51.0249751,3.7072796,24.4,14,31.25,1.0,24044998.0,1038.0
2026-04-30 13:44:34,2026,4,30,11,44,34,51.0249417,3.7071537,24.34,14,31.37,1.0,24116680.0,1044.0
2026-04-30 13:44:40,2026,4,30,11,44,40,51.0249292,3.7070325,24.47,14,31.56,1.0,27045212.0,1050.0
2026-04-30 13:44:46,2026,4,30,11,44,46,51.0248947,3.7069155,24.4,14,31.56,1.0,24175732.0,1056.0
2026-04-30 13:44:52,2026,4,30,11,44,52,51.0248393,3.706815,23.99,14,31.44,1.0,22476708.0,1062.0
2026-04-30 13:44:58,2026,4,30,11,44,58,51.0247868,3.7067011,23.98,14,31.12,1.0,23989040.0,1068.0
2026-04-30 13:45:04,2026,4,30,11,45,4,51.0247656,3.7065993,24.12,15,31.0,1.0,27114836.0,1074.0
2026-04-30 13:45:10,2026,4,30,11,45,10,51.024738,3.7064811,24.24,15,31.0,1.0,24329144.0,1080.0
2026-04-30 13:45:16,2026,4,30,11,45,16,51.0247041,3.7063497,24.37,15,30.87,1.0,25492386.0,1086.0
2026-04-30 13:45:22,2026,4,30,11,45,22,51.0246727,3.7062273,24.5,14,30.87,1.0,24695176.0,1092.0
2026-04-30 13:45:28,2026,4,30,11,45,28,51.0246347,3.7061062,24.35,14,31.12,1.0,24669578.0,1098.0
2026-04-30 13:45:34,2026,4,30,11,45,34,51.0246076,3.7059907,24.44,14,31.25,1.0,26494972.0,1104.0
2026-04-30 13:45:40,2026,4,30,11,45,40,51.0245883,3.7058698,24.39,14,31.25,1.0,25158512.0,1110.0
2026-04-30 13:45:46,2026,4,30,11,45,46,51.0245653,3.7057577,24.27,14,31.37,1.0,24700590.0,1116.0
2026-04-30 13:45:52,2026,4,30,11,45,52,51.0245345,3.7056483,24.17,14,31.37,1.0,23604718.0,1122.0
2026-04-30 13:45:58,2026,4,30,11,45,58,51.0245029,3.7055331,24.2,14,31.37,1.0,24832746.0,1128.0
2026-04-30 13:46:04,2026,4,30,11,46,4,51.0244743,3.7054156,23.83,14,31.19,1.0,24338812.0,1134.0
2026-04-30 13:46:10,2026,4,30,11,46,10,51.0244467,3.7052983,23.83,14,31.19,1.0,25187284.0,1140.0
2026-04-30 13:46:16,2026,4,30,11,46,16,51.0244181,3.7051909,23.77,14,30.94,1.0,24754458.0,1146.0
2026-04-30 13:46:22,2026,4,30,11,46,22,51.0243855,3.7050702,23.4,14,30.75,1.0,24512044.0,1152.0
2026-04-30 13:46:28,2026,4,30,11,46,28,51.0243505,3.7049529,23.07,15,30.44,1.0,24132214.0,1158.0
2026-04-30 13:46:34,2026,4,30,11,46,34,51.0243191,3.7048412,22.93,15,30.0,1.0,24905924.0,1164.0
2026-04-30 13:46:40,2026,4,30,11,46,40,51.0242918,3.7047347,23.25,15,29.75,1.0,24649770.0,1170.0
2026-04-30 13:46:46,2026,4,30,11,46,46,51.0242601,3.7046227,23.4,15,29.81,1.0,24317464.0,1176.0
2026-04-30 13:46:52,2026,4,30,11,46,52,51.0242203,3.7045162,23.37,15,29.81,1.0,24451304.0,1182.0
2026-04-30 13:46:58,2026,4,30,11,46,58,51.0241888,3.7044008,23.52,15,29.81,1.0,24433156.0,1188.0
2026-04-30 13:47:04,2026,4,30,11,47,4,51.0241538,3.7042884,23.58,15,29.75,1.0,24203248.0,1194.0
2026-04-30 13:47:10,2026,4,30,11,47,10,51.0241189,3.7041766,23.64,15,29.69,1.0,24126008.0,1200.0
2026-04-30 13:47:16,2026,4,30,11,47,16,51.0240842,3.7040657,23.63,15,29.69,1.0,24209622.0,1206.0
2026-04-30 13:47:22,2026,4,30,11,47,22,51.0240524,3.7039558,23.58,15,29.75,1.0,24582392.0,1212.0
2026-04-30 13:47:28,2026,4,30,11,47,28,51.0240247,3.7038389,22.92,15,29.69,1.0,24884700.0,1218.0
2026-04-30 13:47:34,2026,4,30,11,47,34,51.0239928,3.7037239,22.56,15,29.37,1.0,24527984.0,1224.0
2026-04-30 13:47:40,2026,4,30,11,47,40,51.0239642,3.7036133,21.99,15,28.69,1.0,24847354.0,1230.0
2026-04-30 13:47:46,2026,4,30,11,47,46,51.0239285,3.7034928,21.97,16,28.25,1.0,24518732.0,1236.0
2026-04-30 13:47:52,2026,4,30,11,47,52,51.0238909,3.7033781,21.77,16,27.81,1.0,24357964.0,1242.0
2026-04-30 13:47:58,2026,4,30,11,47,58,51.0238587,3.703261,21.82,16,27.62,1.0,24613336.0,1248.0
2026-04-30 13:48:04,2026,4,30,11,48,4,51.0238287,3.7031528,21.63,16,27.5,1.0,24440190.0,1254.0
2026-04-30 13:48:10,2026,4,30,11,48,10,51.0237996,3.7030424,21.51,16,27.31,1.0,24871582.0,1260.0
2026-04-30 13:48:16,2026,4,30,11,48,16,51.0237693,3.7029288,21.33,16,26.87,1.0,24741994.0,1266.0
2026-04-30 13:48:22,2026,4,30,11,48,22,51.0237373,3.7028223,21.34,16,26.56,1.0,24354354.0,1272.0
2026-04-30 13:48:28,2026,4,30,11,48,28,51.023705,3.7027208,21.56,16,26.5,1.0,24531240.0,1278.0
2026-04-30 13:48:34,2026,4,30,11,48,34,51.0236708,3.7026128,21.76,16,26.44,1.0,24895768.0,1284.0
2026-04-30 13:48:40,2026,4,30,11,48,40,51.023644,3.7025068,21.96,16,26.69,1.0,24487892.0,1290.0
2026-04-30 13:48:46,2026,4,30,11,48,46,51.0236118,3.7023936,22.07,16,26.94,1.0,24446956.0,1296.0
2026-04-30 13:48:52,2026,4,30,11,48,52,51.0235782,3.702273,22.26,16,27.31,1.0,24292346.0,1302.0
2026-04-30 13:48:58,2026,4,30,11,48,58,51.0235486,3.7021629,22.48,16,27.56,1.0,24641358.0,1308.0
2026-04-30 13:49:04,2026,4,30,11,49,4,51.0235188,3.7020582,22.65,16,28.0,1.0,24384348.0,1314.0
2026-04-30 13:49:10,2026,4,30,11,49,10,51.0234877,3.7019613,22.83,16,28.19,0.0,23168682.0,1320.0
2026-04-30 13:49:16,2026,4,30,11,49,16,51.0234694,3.7019107,22.95,16,28.62,0.0,24908896.0,1326.0
2026-04-30 13:49:22,2026,4,30,11,49,22,51.0234584,3.7018732,22.8,16,28.75,0.0,24730498.0,1332.0
2026-04-30 13:49:28,2026,4,30,11,49,28,51.0234167,3.7018639,22.3,16,28.69,1.0,18728136.0,1338.0
2026-04-30 13:49:34,2026,4,30,11,49,34,51.0233247,3.7018242,22.39,16,28.44,1.0,21410474.0,1344.0
2026-04-30 13:49:40,2026,4,30,11,49,40,51.0232912,3.7017048,22.62,16,28.37,1.0,24386816.0,1350.0
2026-04-30 13:49:46,2026,4,30,11,49,46,51.0232693,3.7015874,22.79,16,28.37,1.0,24496334.0,1356.0
2026-04-30 13:49:52,2026,4,30,11,49,52,51.0232444,3.7015104,22.96,16,28.37,0.0,24744664.0,1362.0
2026-04-30 13:49:58,2026,4,30,11,49,58,51.0232227,3.7014821,22.8,15,28.31,0.0,24744664.0,1368.0
2026-04-30 13:50:04,2026,4,30,11,50,4,51.0232193,3.7014805,22.51,15,28.19,0.0,24744664.0,1374.0
2026-04-30 13:50:10,2026,4,30,11,50,10,51.0232184,3.7014765,22.24,16,28.12,0.0,24744664.0,1380.0
2026-04-30 13:50:16,2026,4,30,11,50,16,51.0232147,3.701479,21.96,16,28.0,0.0,24744664.0,1386.0
2026-04-30 13:50:22,2026,4,30,11,50,22,51.0232087,3.7014815,21.84,16,28.0,0.0,24744664.0,1392.0
2026-04-30 13:50:28,2026,4,30,11,50,28,51.023201,3.701472,21.82,16,27.94,0.0,24744664.0,1398.0
2026-04-30 13:50:34,2026,4,30,11,50,34,51.0231999,3.7014743,21.96,16,28.19,0.0,24744664.0,1404.0
2026-04-30 13:50:40,2026,4,30,11,50,40,51.0232051,3.7014752,22.21,17,28.5,0.0,24744664.0,1410.0
2026-04-30 13:50:46,2026,4,30,11,50,46,51.023213,3.7014748,22.35,16,28.75,0.0,24744664.0,1416.0
2026-04-30 13:50:52,2026,4,30,11,50,52,51.0231923,3.7014795,22.44,16,28.81,1.0,16818592.0,1422.0
2026-04-30 13:50:58,2026,4,30,11,50,58,51.0231094,3.7015072,22.6,15,28.94,1.0,16590077.0,1428.0
2026-04-30 13:51:04,2026,4,30,11,51,4,51.0230395,3.7014675,22.83,16,29.19,1.0,21838586.0,1434.0
2026-04-30 13:51:10,2026,4,30,11,51,10,51.0230148,3.7013738,23.03,15,29.62,1.0,24878096.0,1440.0
2026-04-30 13:51:16,2026,4,30,11,51,16,51.0229873,3.7013496,23.06,15,29.94,1.0,16594274.0,1446.0
2026-04-30 13:51:22,2026,4,30,11,51,22,51.022909,3.7013116,23.0,15,30.06,1.0,21582324.0,1452.0
2026-04-30 13:51:28,2026,4,30,11,51,28,51.0228759,3.7011914,23.12,15,30.12,1.0,25478830.0,1458.0
2026-04-30 13:51:34,2026,4,30,11,51,34,51.0228423,3.701111,23.2,16,30.12,1.0,20773194.0,1464.0
2026-04-30 13:51:40,2026,4,30,11,51,40,51.0227849,3.7011216,23.29,17,30.25,0.0,16702411.0,1470.0
2026-04-30 13:51:46,2026,4,30,11,51,46,51.0227243,3.7011425,23.44,16,30.31,1.0,16248903.0,1476.0
2026-04-30 13:51:52,2026,4,30,11,51,52,51.0226621,3.7011752,23.2,17,30.31,0.0,16260517.0,1482.0
2026-04-30 13:51:58,2026,4,30,11,51,58,51.0226105,3.7011786,22.84,16,29.56,0.0,18489372.0,1488.0
2026-04-30 13:52:04,2026,4,30,11,52,4,51.0225379,3.7011461,22.69,16,28.62,1.0,19679056.0,1494.0
2026-04-30 13:52:10,2026,4,30,11,52,10,51.0224878,3.70111,22.57,16,28.06,0.0,20189886.0,1500.0
2026-04-30 13:52:16,2026,4,30,11,52,16,51.0224427,3.7010442,22.47,16,27.44,1.0,23225356.0,1506.0
2026-04-30 13:52:22,2026,4,30,11,52,22,51.0223832,3.7009718,22.23,16,26.94,1.0,23365834.0,1512.0
2026-04-30 13:52:28,2026,4,30,11,52,28,51.0223364,3.70089,22.09,16,26.0,1.0,22956688.0,1518.0
2026-04-30 13:52:34,2026,4,30,11,52,34,51.0223003,3.700801,22.02,16,25.25,1.0,24113028.0,1524.0
2026-04-30 13:52:40,2026,4,30,11,52,40,51.0223025,3.7007236,22.24,17,24.94,0.0,26003056.0,1530.0
2026-04-30 13:52:46,2026,4,30,11,52,46,51.0223073,3.7006089,22.37,17,25.25,1.0,27931044.0,1536.0
2026-04-30 13:52:52,2026,4,30,11,52,52,51.0222939,3.7004997,22.27,18,25.5,1.0,25292770.0,1542.0
2026-04-30 13:52:58,2026,4,30,11,52,58,51.0222563,3.7004188,22.15,18,25.5,0.0,22943892.0,1548.0
2026-04-30 13:53:04,2026,4,30,11,53,4,51.0221896,3.7003628,22.23,18,25.37,1.0,18958804.0,1554.0
2026-04-30 13:53:10,2026,4,30,11,53,10,51.0221172,3.7003337,22.31,19,25.37,1.0,17737888.0,1560.0
2026-04-30 13:53:16,2026,4,30,11,53,16,51.0220571,3.7003144,22.11,17,25.31,0.0,18150192.0,1566.0
2026-04-30 13:53:22,2026,4,30,11,53,22,51.022002,3.7003241,21.92,17,25.06,0.0,17197900.0,1572.0
2026-04-30 13:53:28,2026,4,30,11,53,28,51.0219541,3.7003582,21.79,18,24.56,0.0,14716596.0,1578.0
2026-04-30 13:53:34,2026,4,30,11,53,34,51.0219121,3.7003969,21.67,18,24.06,0.0,14887491.0,1584.0
2026-04-30 13:53:40,2026,4,30,11,53,40,51.0218211,3.7004463,21.49,18,23.62,1.0,15531311.0,1590.0
2026-04-30 13:53:46,2026,4,30,11,53,46,51.0217491,3.7004757,21.27,18,23.25,0.0,16159676.0,1596.0
2026-04-30 13:53:52,2026,4,30,11,53,52,51.021693,3.7005057,21.23,17,22.81,0.0,16068513.0,1602.0
2026-04-30 13:53:58,2026,4,30,11,53,58,51.0216286,3.7005384,21.31,17,22.5,0.0,16210252.0,1608.0
2026-04-30 13:54:04,2026,4,30,11,54,4,51.021572,3.7005743,21.24,18,22.12,0.0,15083495.0,1614.0
2026-04-30 13:54:10,2026,4,30,11,54,10,51.0215097,3.700632,21.21,19,22.06,1.0,13860883.0,1620.0
2026-04-30 13:54:16,2026,4,30,11,54,16,51.0214562,3.7006927,21.02,18,22.0,1.0,14101732.0,1626.0
2026-04-30 13:54:22,2026,4,30,11,54,22,51.0214028,3.700745,20.85,19,21.87,0.0,14096491.0,1632.0
2026-04-30 13:54:28,2026,4,30,11,54,28,51.0213576,3.7008211,20.8,18,21.75,0.0,13143642.0,1638.0
2026-04-30 13:54:34,2026,4,30,11,54,34,51.0213145,3.7009162,20.73,18,21.5,0.0,9938211.0,1644.0
2026-04-30 13:54:40,2026,4,30,11,54,40,51.0212757,3.7010033,20.76,18,21.12,1.0,12247709.0,1650.0
2026-04-30 13:54:46,2026,4,30,11,54,46,51.0212173,3.7010879,20.71,18,20.87,0.0,15190007.0,1656.0
2026-04-30 13:54:52,2026,4,30,11,54,52,51.0211654,3.7011596,20.64,18,20.75,0.0,14500747.0,1662.0
2026-04-30 13:54:58,2026,4,30,11,54,58,51.0211179,3.7011831,20.64,18,20.62,1.0,16786658.0,1668.0
2026-04-30 13:55:04,2026,4,30,11,55,4,51.0210295,3.7012278,20.61,19,20.56,2.0,17701052.0,1674.0
2026-04-30 13:55:10,2026,4,30,11,55,10,51.0209712,3.7012738,20.59,18,20.62,0.0,16331474.0,1680.0
2026-04-30 13:55:16,2026,4,30,11,55,16,51.0209182,3.7013235,20.54,18,20.62,1.0,16464747.0,1686.0
2026-04-30 13:55:22,2026,4,30,11,55,22,51.0208499,3.7013772,20.59,18,20.62,0.0,17370328.0,1692.0
2026-04-30 13:55:28,2026,4,30,11,55,28,51.0207751,3.7014278,20.56,19,20.62,0.0,17703296.0,1698.0
2026-04-30 13:55:34,2026,4,30,11,55,34,51.0206913,3.7014178,20.49,19,20.56,1.0,19239348.0,1704.0
2026-04-30 13:55:40,2026,4,30,11,55,40,51.0206194,3.7013959,20.38,19,20.44,0.0,19983440.0,1710.0
2026-04-30 13:55:46,2026,4,30,11,55,46,51.0205511,3.7013913,20.34,20,20.44,1.0,19073314.0,1716.0
2026-04-30 13:55:52,2026,4,30,11,55,52,51.0204863,3.7013629,20.42,20,20.25,0.0,20460548.0,1722.0
2026-04-30 13:55:58,2026,4,30,11,55,58,51.0204249,3.7013471,20.44,18,20.25,1.0,14688312.0,1728.0
2026-04-30 13:56:04,2026,4,30,11,56,4,51.0203676,3.7014257,20.38,18,20.19,1.0,12984884.0,1734.0
2026-04-30 13:56:10,2026,4,30,11,56,10,51.0203165,3.7015005,20.42,18,20.19,1.0,14215781.0,1740.0
2026-04-30 13:56:16,2026,4,30,11,56,16,51.0202576,3.701551,20.4,18,20.12,0.0,14800965.0,1746.0
2026-04-30 13:56:22,2026,4,30,11,56,22,51.020214,3.7016161,20.34,18,20.12,0.0,13720137.0,1752.0
2026-04-30 13:56:28,2026,4,30,11,56,28,51.020163,3.701658,20.31,18,20.0,0.0,16517020.0,1758.0
2026-04-30 13:56:34,2026,4,30,11,56,34,51.0201042,3.7016981,20.29,19,19.94,0.0,16243533.0,1764.0
2026-04-30 13:56:40,2026,4,30,11,56,40,51.0200538,3.7017324,20.32,21,19.94,0.0,17466540.0,1770.0
2026-04-30 13:56:46,2026,4,30,11,56,46,51.0199641,3.7017501,20.41,21,19.94,1.0,18404860.0,1776.0
2026-04-30 13:56:52,2026,4,30,11,56,52,51.0198725,3.7017392,20.45,20,19.94,1.0,18658296.0,1782.0
2026-04-30 13:56:58,2026,4,30,11,56,58,51.0198074,3.7017312,20.44,20,19.87,0.0,19053392.0,1788.0
2026-04-30 13:57:04,2026,4,30,11,57,4,51.0197458,3.7017244,20.37,20,19.94,1.0,19025736.0,1794.0
2026-04-30 13:57:10,2026,4,30,11,57,10,51.0196918,3.701724,20.29,21,19.87,0.0,17480294.0,1800.0
2026-04-30 13:57:16,2026,4,30,11,57,16,51.0196211,3.7017286,20.34,21,19.81,1.0,17545924.0,1806.0
2026-04-30 13:57:22,2026,4,30,11,57,22,51.0195454,3.7017433,20.39,21,19.69,0.0,15604492.0,1812.0
2026-04-30 13:57:28,2026,4,30,11,57,28,51.0194908,3.7018132,20.51,20,20.06,1.0,14531268.0,1818.0
2026-04-30 13:57:34,2026,4,30,11,57,34,51.019453,3.7018767,20.54,21,20.5,0.0,14114352.0,1824.0
2026-04-30 13:57:40,2026,4,30,11,57,40,51.0194299,3.7019583,20.47,21,21.0,1.0,11727820.0,1830.0
2026-04-30 13:57:46,2026,4,30,11,57,46,51.0194007,3.7020685,20.4,22,21.25,1.0,10748421.0,1836.0
2026-04-30 13:57:52,2026,4,30,11,57,52,51.0193773,3.7021951,20.34,21,21.31,1.0,10199658.0,1842.0
2026-04-30 13:57:58,2026,4,30,11,57,58,51.0193601,3.7023178,20.4,21,21.19,0.0,9959952.0,1848.0
2026-04-30 13:58:04,2026,4,30,11,58,4,51.0193554,3.7024198,20.46,20,21.06,1.0,8628613.0,1854.0
2026-04-30 13:58:10,2026,4,30,11,58,10,51.0193587,3.7025299,20.29,19,20.94,0.0,8711564.0,1860.0
2026-04-30 13:58:16,2026,4,30,11,58,16,51.0193741,3.7026317,20.22,19,20.81,1.0,7357867.0,1866.0
2026-04-30 13:58:22,2026,4,30,11,58,22,51.0193682,3.7026903,20.25,19,20.62,0.0,14805313.0,1872.0
2026-04-30 13:58:28,2026,4,30,11,58,28,51.0193842,3.7027623,20.29,19,20.37,0.0,13160572.0,1878.0
2026-04-30 13:58:34,2026,4,30,11,58,34,51.0193974,3.7028605,20.34,19,20.19,0.0,11006055.0,1884.0
2026-04-30 13:58:40,2026,4,30,11,58,40,51.019416,3.7029338,20.37,19,20.12,1.0,11006055.0,1890.0
2026-04-30 13:58:46,2026,4,30,11,58,46,51.0194368,3.7030667,20.41,19,20.0,1.0,5392964.0,1896.0
2026-04-30 13:58:52,2026,4,30,11,58,52,51.0194904,3.7031659,20.46,19,19.81,1.0,2731397.0,1902.0
2026-04-30 13:58:58,2026,4,30,11,58,58,51.0195612,3.703235,20.51,19,19.87,1.0,2460676.0,1908.0
2026-04-30 13:59:04,2026,4,30,11,59,4,51.0196297,3.7032621,20.56,19,19.81,0.0,35443256.0,1914.0
2026-04-30 13:59:10,2026,4,30,11,59,10,51.0196847,3.703257,20.58,21,19.81,0.0,34164304.0,1920.0
2026-04-30 13:59:16,2026,4,30,11,59,16,51.0197366,3.703249,20.6,21,19.81,1.0,34530832.0,1926.0
2026-04-30 13:59:22,2026,4,30,11,59,22,51.0198136,3.7032184,20.6,22,19.81,0.0,33606576.0,1932.0
2026-04-30 13:59:28,2026,4,30,11,59,28,51.0198841,3.7031984,20.57,21,19.81,0.0,34326144.0,1938.0
2026-04-30 13:59:34,2026,4,30,11,59,34,51.0199553,3.7031801,20.59,21,19.75,0.0,34949296.0,1944.0
2026-04-30 13:59:40,2026,4,30,11,59,40,51.0200116,3.7031871,20.68,21,19.87,0.0,35407868.0,1950.0
2026-04-30 13:59:46,2026,4,30,11,59,46,51.0200927,3.7031708,20.7,23,19.87,0.0,35656636.0,1956.0
2026-04-30 13:59:52,2026,4,30,11,59,52,51.0201593,3.7031621,20.73,20,20.0,0.0,447072.0,1962.0
2026-04-30 13:59:58,2026,4,30,11,59,58,51.0202424,3.7031422,20.76,20,20.0,0.0,625148.0,1968.0
2026-04-30 14:00:04,2026,4,30,12,0,4,51.0203245,3.7031448,20.77,20,20.12,1.0,436161.0,1974.0
2026-04-30 14:00:10,2026,4,30,12,0,10,51.0203764,3.7031632,20.82,20,20.12,0.0,872800.0,1980.0
2026-04-30 14:00:16,2026,4,30,12,0,16,51.0204567,3.7031891,20.83,20,20.12,1.0,1547540.0,1986.0
2026-04-30 14:00:22,2026,4,30,12,0,22,51.0205484,3.7032468,20.85,21,20.12,1.0,2829827.0,1992.0
2026-04-30 14:00:28,2026,4,30,12,0,28,51.0206319,3.7033005,20.91,21,20.19,0.0,2546665.0,1998.0
2026-04-30 14:00:34,2026,4,30,12,0,34,51.0207116,3.7033493,21.05,21,20.37,1.0,2053385.0,2004.0
2026-04-30 14:00:40,2026,4,30,12,0,40,51.0207834,3.7033964,21.08,19,20.75,1.0,1820690.0,2010.0
2026-04-30 14:00:46,2026,4,30,12,0,46,51.0208424,3.7034146,21.07,20,21.19,0.0,668593.0,2016.0
2026-04-30 14:00:52,2026,4,30,12,0,52,51.0208752,3.7034297,21.09,20,21.37,0.0,35743244.0,2022.0
2026-04-30 14:00:58,2026,4,30,12,0,58,51.0209467,3.7034316,21.12,20,21.5,0.0,305470.0,2028.0
2026-04-30 14:01:04,2026,4,30,12,1,4,51.0210308,3.703449,21.2,20,21.62,1.0,487772.0,2034.0
2026-04-30 14:01:10,2026,4,30,12,1,10,51.0211312,3.7034447,21.37,20,21.81,1.0,35547764.0,2040.0
2026-04-30 14:01:16,2026,4,30,12,1,16,51.0212254,3.7034334,21.56,20,22.12,1.0,34778384.0,2046.0
2026-04-30 14:01:22,2026,4,30,12,1,22,51.0212944,3.7034064,21.73,20,23.06,0.0,34028860.0,2052.0
2026-04-30 14:01:28,2026,4,30,12,1,28,51.0213687,3.7033727,21.92,21,23.87,1.0,34228896.0,2058.0
2026-04-30 14:01:34,2026,4,30,12,1,34,51.0214346,3.7033339,22.06,21,24.81,1.0,34183728.0,2064.0
2026-04-30 14:01:40,2026,4,30,12,1,40,51.0214945,3.7032897,22.25,22,25.56,1.0,32995242.0,2070.0
2026-04-30 14:01:46,2026,4,30,12,1,46,51.0215608,3.7032275,22.39,19,26.56,1.0,32807568.0,2076.0
2026-04-30 14:01:52,2026,4,30,12,1,52,51.0216216,3.7031598,22.54,19,27.44,1.0,32283034.0,2082.0
2026-04-30 14:01:58,2026,4,30,12,1,58,51.0216686,3.7030813,22.53,22,28.25,1.0,31134942.0,2088.0
2026-04-30 14:02:04,2026,4,30,12,2,4,51.0217085,3.7029858,22.56,19,28.62,1.0,29827010.0,2094.0
2026-04-30 14:02:10,2026,4,30,12,2,10,51.0217503,3.7028825,22.49,18,28.94,1.0,30154508.0,2100.0
2026-04-30 14:02:16,2026,4,30,12,2,16,51.0217945,3.7027819,22.39,17,29.12,1.0,30500166.0,2106.0
2026-04-30 14:02:22,2026,4,30,12,2,22,51.0218487,3.7027009,22.25,17,29.19,1.0,31772068.0,2112.0
2026-04-30 14:02:28,2026,4,30,12,2,28,51.0219118,3.7026408,22.31,17,29.0,1.0,32724692.0,2118.0
2026-04-30 14:02:34,2026,4,30,12,2,34,51.0219639,3.7025825,22.5,19,28.75,1.0,32546044.0,2124.0
2026-04-30 14:02:40,2026,4,30,12,2,40,51.0220243,3.7025181,22.48,17,28.81,1.0,32575464.0,2130.0
2026-04-30 14:02:46,2026,4,30,12,2,46,51.0220786,3.7024657,22.46,18,28.87,1.0,32266254.0,2136.0
2026-04-30 14:02:52,2026,4,30,12,2,52,51.0221024,3.7023889,22.54,17,28.87,1.0,27408468.0,2142.0
2026-04-30 14:02:58,2026,4,30,12,2,58,51.0220923,3.7022811,22.57,17,29.06,1.0,27354184.0,2148.0
2026-04-30 14:03:04,2026,4,30,12,3,4,51.0221272,3.7021787,22.75,17,29.37,1.0,31280276.0,2154.0
2026-04-30 14:03:10,2026,4,30,12,3,10,51.0221729,3.7020952,22.96,19,29.81,1.0,31513696.0,2160.0
2026-04-30 14:03:16,2026,4,30,12,3,16,51.0222273,3.7020224,23.14,19,30.37,0.0,31666056.0,2166.0
2026-04-30 14:03:22,2026,4,30,12,3,22,51.0222871,3.701964,23.23,18,31.0,1.0,33008610.0,2172.0
2026-04-30 14:03:28,2026,4,30,12,3,28,51.0223492,3.7019239,23.19,18,31.37,1.0,33385748.0,2178.0
2026-04-30 14:03:34,2026,4,30,12,3,34,51.0224033,3.7018515,23.19,18,31.31,1.0,30848172.0,2184.0
2026-04-30 14:03:40,2026,4,30,12,3,40,51.0224213,3.7017578,23.13,18,30.94,1.0,28502464.0,2190.0
2026-04-30 14:03:46,2026,4,30,12,3,46,51.0224217,3.7016483,22.98,18,30.81,1.0,26617198.0,2196.0
2026-04-30 14:03:52,2026,4,30,12,3,52,51.0224198,3.7015606,22.75,19,30.62,0.0,28094000.0,2202.0
2026-04-30 14:03:58,2026,4,30,12,3,58,51.0224278,3.7014729,22.7,20,29.69,1.0,28949128.0,2208.0
2026-04-30 14:04:04,2026,4,30,12,4,4,51.0224511,3.7013801,22.8,19,29.0,0.0,29527326.0,2214.0
2026-04-30 14:04:10,2026,4,30,12,4,10,51.0224937,3.7013029,22.8,18,28.75,0.0,31078260.0,2220.0
2026-04-30 14:04:16,2026,4,30,12,4,16,51.022513,3.7012758,22.8,18,28.5,1.0,31920828.0,2226.0
2026-04-30 14:04:22,2026,4,30,12,4,22,51.0225761,3.7012291,22.71,19,28.12,0.0,33657876.0,2232.0
2026-04-30 14:04:28,2026,4,30,12,4,28,51.0226355,3.7011959,22.49,18,27.5,1.0,34630292.0,2238.0
2026-04-30 14:04:34,2026,4,30,12,4,34,51.0227121,3.7011614,22.11,17,26.56,1.0,34574784.0,2244.0
2026-04-30 14:04:40,2026,4,30,12,4,40,51.0227835,3.7011411,22.16,18,25.75,1.0,35993864.0,2250.0
2026-04-30 14:04:46,2026,4,30,12,4,46,51.0228426,3.7012001,21.8,17,25.25,1.0,6502938.0,2256.0
2026-04-30 14:04:52,2026,4,30,12,4,52,51.0228686,3.7013051,21.83,18,24.94,1.0,7903333.0,2262.0
2026-04-30 14:04:58,2026,4,30,12,4,58,51.0228931,3.7014144,21.83,18,24.81,1.0,7926077.0,2268.0
2026-04-30 14:05:04,2026,4,30,12,5,4,51.0229129,3.7015258,21.92,17,24.87,1.0,7182711.0,2274.0
2026-04-30 14:05:10,2026,4,30,12,5,10,51.0229246,3.7016268,21.81,18,25.19,1.0,7844170.0,2280.0
2026-04-30 14:05:16,2026,4,30,12,5,16,51.0229047,3.7017262,21.76,18,25.0,1.0,10488892.0,2286.0
2026-04-30 14:05:22,2026,4,30,12,5,22,51.0229014,3.7018238,21.79,18,24.75,0.0,9216472.0,2292.0
2026-04-30 14:05:28,2026,4,30,12,5,28,51.0229139,3.7019265,21.8,18,24.44,1.0,8810975.0,2298.0
2026-04-30 14:05:34,2026,4,30,12,5,34,51.0229534,3.7020367,21.81,18,24.12,1.0,7937548.0,2304.0
2026-04-30 14:05:40,2026,4,30,12,5,40,51.0229749,3.7021458,21.82,18,24.0,1.0,7611651.0,2310.0
2026-04-30 14:05:46,2026,4,30,12,5,46,51.0230135,3.7022633,21.67,17,23.94,1.0,7066377.0,2316.0
2026-04-30 14:05:52,2026,4,30,12,5,52,51.0230379,3.7023756,21.16,17,23.94,1.0,7254484.0,2322.0
2026-04-30 14:05:58,2026,4,30,12,5,58,51.0230741,3.7024872,20.74,17,23.56,1.0,7202468.0,2328.0
2026-04-30 14:06:04,2026,4,30,12,6,4,51.0230886,3.7025899,20.61,18,23.12,1.0,9434809.0,2334.0
2026-04-30 14:06:10,2026,4,30,12,6,10,51.0231014,3.7027007,20.69,18,22.81,1.0,7515561.0,2340.0
2026-04-30 14:06:16,2026,4,30,12,6,16,51.0231281,3.7028254,20.7,18,22.81,1.0,7959414.0,2346.0
2026-04-30 14:06:22,2026,4,30,12,6,22,51.0231639,3.7029558,20.8,18,22.81,1.0,7134111.0,2352.0
2026-04-30 14:06:28,2026,4,30,12,6,28,51.023183,3.7030882,20.81,18,22.62,1.0,8522825.0,2358.0
2026-04-30 14:06:34,2026,4,30,12,6,34,51.0231744,3.7032067,20.66,18,22.37,1.0,12819838.0,2364.0
2026-04-30 14:06:40,2026,4,30,12,6,40,51.0231095,3.7032707,20.84,18,22.0,1.0,16318084.0,2370.0
2026-04-30 14:06:46,2026,4,30,12,6,46,51.0230319,3.7032961,21.07,18,22.25,1.0,16682696.0,2376.0
2026-04-30 14:06:52,2026,4,30,12,6,52,51.0229562,3.7033154,21.18,18,23.12,1.0,17072134.0,2382.0
2026-04-30 14:06:58,2026,4,30,12,6,58,51.0228839,3.7033528,21.36,18,23.75,1.0,16723110.0,2388.0
2026-04-30 14:07:04,2026,4,30,12,7,4,51.0228014,3.7033919,21.42,17,24.5,1.0,16472677.0,2394.0
2026-04-30 14:07:10,2026,4,30,12,7,10,51.0227337,3.7034245,21.37,17,24.94,1.0,16243434.0,2400.0
2026-04-30 14:07:16,2026,4,30,12,7,16,51.0226657,3.7034589,21.63,17,25.56,1.0,17110662.0,2406.0
2026-04-30 14:07:22,2026,4,30,12,7,22,51.0225988,3.7034847,21.81,17,26.25,1.0,16488586.0,2412.0
2026-04-30 14:07:28,2026,4,30,12,7,28,51.0225248,3.7035249,21.45,17,26.62,1.0,15941731.0,2418.0
2026-04-30 14:07:34,2026,4,30,12,7,34,51.0224484,3.703564,21.31,17,26.75,1.0,16758489.0,2424.0
2026-04-30 14:07:40,2026,4,30,12,7,40,51.0223846,3.7035823,21.04,17,26.37,1.0,16968352.0,2430.0
2026-04-30 14:07:46,2026,4,30,12,7,46,51.0223142,3.7036211,20.85,18,25.31,1.0,16666615.0,2436.0
2026-04-30 14:07:52,2026,4,30,12,7,52,51.0222469,3.7036624,20.71,18,24.31,1.0,15747972.0,2442.0
2026-04-30 14:07:58,2026,4,30,12,7,58,51.0221749,3.7036871,20.67,18,23.44,1.0,16659202.0,2448.0
2026-04-30 14:08:04,2026,4,30,12,8,4,51.0221036,3.7037286,20.77,18,23.12,1.0,15923257.0,2454.0
2026-04-30 14:08:10,2026,4,30,12,8,10,51.0220394,3.7037708,20.72,18,22.87,1.0,15310096.0,2460.0
2026-04-30 14:08:16,2026,4,30,12,8,16,51.0219645,3.7038291,20.76,18,22.69,1.0,15818584.0,2466.0
2026-04-30 14:08:22,2026,4,30,12,8,22,51.0218889,3.7038671,20.79,18,22.87,1.0,16685251.0,2472.0
2026-04-30 14:08:28,2026,4,30,12,8,28,51.0218043,3.7039029,20.77,18,23.0,1.0,16427233.0,2478.0
2026-04-30 14:08:34,2026,4,30,12,8,34,51.0217187,3.7039441,20.81,18,23.19,1.0,16072021.0,2484.0
2026-04-30 14:08:40,2026,4,30,12,8,40,51.0216406,3.7039854,20.9,18,23.56,1.0,16086922.0,2490.0
2026-04-30 14:08:46,2026,4,30,12,8,46,51.021563,3.7040297,20.92,18,24.12,1.0,15721915.0,2496.0
2026-04-30 14:08:52,2026,4,30,12,8,52,51.0214848,3.7040795,21.02,18,24.44,1.0,15882385.0,2502.0
2026-04-30 14:08:58,2026,4,30,12,8,58,51.0214053,3.7041176,21.09,18,24.81,1.0,16533283.0,2508.0
2026-04-30 14:09:04,2026,4,30,12,9,4,51.021325,3.7041509,21.06,17,25.12,1.0,16219079.0,2514.0
2026-04-30 14:09:10,2026,4,30,12,9,10,51.021241,3.7041893,21.19,17,25.37,1.0,16155339.0,2520.0
2026-04-30 14:09:16,2026,4,30,12,9,16,51.0211629,3.7042324,21.23,17,25.62,1.0,16104948.0,2526.0
2026-04-30 14:09:22,2026,4,30,12,9,22,51.0210819,3.7042732,21.26,18,26.12,1.0,16313978.0,2532.0
2026-04-30 14:09:28,2026,4,30,12,9,28,51.0210013,3.7043089,21.45,18,26.19,1.0,16307791.0,2538.0
2026-04-30 14:09:34,2026,4,30,12,9,34,51.0209187,3.7043499,21.53,17,26.44,1.0,16076223.0,2544.0
2026-04-30 14:09:40,2026,4,30,12,9,40,51.020842,3.7043909,21.74,17,26.81,1.0,16266045.0,2550.0
2026-04-30 14:09:46,2026,4,30,12,9,46,51.0207716,3.7044368,21.75,17,27.25,1.0,16053942.0,2556.0
2026-04-30 14:09:52,2026,4,30,12,9,52,51.0206964,3.7044759,21.82,17,27.56,1.0,16076675.0,2562.0
2026-04-30 14:09:58,2026,4,30,12,9,58,51.0206155,3.7045071,21.32,17,27.56,1.0,16831032.0,2568.0
2026-04-30 14:10:04,2026,4,30,12,10,4,51.0205291,3.7045392,21.11,17,27.5,1.0,16647727.0,2574.0
2026-04-30 14:10:10,2026,4,30,12,10,10,51.0204594,3.7045747,21.34,18,27.25,1.0,15338381.0,2580.0
2026-04-30 14:10:16,2026,4,30,12,10,16,51.0203852,3.7046359,21.25,17,27.25,1.0,15681125.0,2586.0
2026-04-30 14:10:22,2026,4,30,12,10,22,51.0203103,3.7046891,21.43,18,27.19,1.0,15428512.0,2592.0
2026-04-30 14:10:28,2026,4,30,12,10,28,51.0202369,3.7047375,21.5,17,27.44,1.0,15787156.0,2598.0
2026-04-30 14:10:34,2026,4,30,12,10,34,51.0201582,3.70478,21.54,17,27.5,1.0,16004488.0,2604.0
2026-04-30 14:10:40,2026,4,30,12,10,40,51.020085,3.7048325,21.52,18,27.62,1.0,15347572.0,2610.0
2026-04-30 14:10:46,2026,4,30,12,10,46,51.0200145,3.7048726,21.57,18,27.62,1.0,16292390.0,2616.0
2026-04-30 14:10:52,2026,4,30,12,10,52,51.0199399,3.7049162,21.61,18,27.56,1.0,16128867.0,2622.0
2026-04-30 14:10:58,2026,4,30,12,10,58,51.0198654,3.7049549,21.52,18,27.44,1.0,15711438.0,2628.0
2026-04-30 14:11:04,2026,4,30,12,11,4,51.0197935,3.7050132,21.33,18,27.44,1.0,15478004.0,2634.0
2026-04-30 14:11:10,2026,4,30,12,11,10,51.0197179,3.7050584,21.51,18,27.37,1.0,15862582.0,2640.0
2026-04-30 14:11:16,2026,4,30,12,11,16,51.0196409,3.7051048,21.65,18,27.56,1.0,15620678.0,2646.0
2026-04-30 14:11:22,2026,4,30,12,11,22,51.0195736,3.7051512,21.64,17,27.69,1.0,15428910.0,2652.0
2026-04-30 14:11:28,2026,4,30,12,11,28,51.0195092,3.7052002,21.7,17,27.75,1.0,15570866.0,2658.0
2026-04-30 14:11:34,2026,4,30,12,11,34,51.0194407,3.7052536,21.84,18,27.81,1.0,15601869.0,2664.0
2026-04-30 14:11:40,2026,4,30,12,11,40,51.0193758,3.7053118,21.96,18,28.0,1.0,15124487.0,2670.0
2026-04-30 14:11:46,2026,4,30,12,11,46,51.0193114,3.7053607,22.11,18,28.44,1.0,15157434.0,2676.0
2026-04-30 14:11:52,2026,4,30,12,11,52,51.019241,3.7054153,22.28,18,28.75,1.0,15295209.0,2682.0
2026-04-30 14:11:58,2026,4,30,12,11,58,51.0191668,3.7054709,22.47,18,29.12,1.0,15295847.0,2688.0
2026-04-30 14:12:04,2026,4,30,12,12,4,51.0191047,3.7055297,22.53,18,29.69,1.0,14993746.0,2694.0
2026-04-30 14:12:10,2026,4,30,12,12,10,51.0190365,3.7055893,22.52,18,29.94,1.0,14664423.0,2700.0
2026-04-30 14:12:16,2026,4,30,12,12,16,51.0189673,3.705651,22.52,18,30.06,1.0,14993137.0,2706.0
2026-04-30 14:12:22,2026,4,30,12,12,22,51.0188999,3.7057096,22.56,17,30.12,1.0,14996895.0,2712.0
2026-04-30 14:12:28,2026,4,30,12,12,28,51.0188309,3.7057697,22.57,17,30.0,1.0,14872893.0,2718.0
2026-04-30 14:12:34,2026,4,30,12,12,34,51.0187511,3.7057801,22.56,17,29.75,1.0,18638388.0,2724.0
2026-04-30 14:12:40,2026,4,30,12,12,40,51.0186925,3.7057852,22.75,17,29.56,1.0,17367114.0,2730.0
2026-04-30 14:12:46,2026,4,30,12,12,46,51.0186342,3.7058341,22.8,17,29.5,1.0,14452938.0,2736.0
2026-04-30 14:12:52,2026,4,30,12,12,52,51.0185879,3.7059132,22.65,17,29.56,1.0,13729639.0,2742.0
2026-04-30 14:12:58,2026,4,30,12,12,58,51.0185281,3.7059765,22.45,17,29.56,1.0,14066439.0,2748.0
2026-04-30 14:13:04,2026,4,30,12,13,4,51.018465,3.7060347,22.13,17,29.06,1.0,14019839.0,2754.0
2026-04-30 14:13:10,2026,4,30,12,13,10,51.0184008,3.7060907,22.1,17,28.25,1.0,15409091.0,2760.0
2026-04-30 14:13:16,2026,4,30,12,13,16,51.0183402,3.7061482,22.16,17,27.69,1.0,15214084.0,2766.0
2026-04-30 14:13:22,2026,4,30,12,13,22,51.0182723,3.7062011,22.09,17,27.5,1.0,14702361.0,2772.0
2026-04-30 14:13:28,2026,4,30,12,13,28,51.0182123,3.7062572,21.72,17,27.31,1.0,13922834.0,2778.0
2026-04-30 14:13:34,2026,4,30,12,13,34,51.0181438,3.7063157,21.66,17,26.75,1.0,14962065.0,2784.0
2026-04-30 14:13:40,2026,4,30,12,13,40,51.0180716,3.70638,21.85,18,26.56,1.0,15161638.0,2790.0
2026-04-30 14:13:46,2026,4,30,12,13,46,51.0180037,3.7064408,21.98,18,26.69,1.0,15374182.0,2796.0
2026-04-30 14:13:52,2026,4,30,12,13,52,51.0179323,3.7064942,22.3,20,27.12,1.0,15606964.0,2802.0
2026-04-30 14:13:58,2026,4,30,12,13,58,51.0178653,3.7065447,22.12,18,27.31,1.0,15311986.0,2808.0
2026-04-30 14:14:04,2026,4,30,12,14,4,51.0177922,3.7065988,22.16,18,27.06,1.0,15975618.0,2814.0
2026-04-30 14:14:10,2026,4,30,12,14,10,51.017723,3.7066525,22.34,18,26.75,1.0,15640501.0,2820.0
2026-04-30 14:14:16,2026,4,30,12,14,16,51.0176615,3.7066987,22.43,18,27.0,1.0,15559133.0,2826.0
2026-04-30 14:14:22,2026,4,30,12,14,22,51.0175888,3.7067506,22.36,18,27.0,1.0,16087979.0,2832.0
2026-04-30 14:14:28,2026,4,30,12,14,28,51.0175125,3.7067875,22.22,19,26.81,1.0,16134262.0,2838.0
2026-04-30 14:14:34,2026,4,30,12,14,34,51.0174412,3.7068175,22.06,18,26.31,1.0,16517702.0,2844.0
2026-04-30 14:14:40,2026,4,30,12,14,40,51.0173783,3.7068539,21.94,18,25.69,0.0,15968187.0,2850.0
2026-04-30 14:14:46,2026,4,30,12,14,46,51.0173288,3.7069127,21.78,17,25.06,1.0,14127518.0,2856.0
2026-04-30 14:14:52,2026,4,30,12,14,52,51.0172638,3.706981,21.79,17,24.56,1.0,15435539.0,2862.0
2026-04-30 14:14:58,2026,4,30,12,14,58,51.0172096,3.7070659,21.67,17,24.44,1.0,12060222.0,2868.0
2026-04-30 14:15:04,2026,4,30,12,15,4,51.0171725,3.70713,21.72,17,24.44,1.0,13572989.0,2874.0
2026-04-30 14:15:10,2026,4,30,12,15,10,51.0171253,3.7072168,21.57,17,24.62,1.0,13036495.0,2880.0
2026-04-30 14:15:16,2026,4,30,12,15,16,51.0170719,3.7072816,21.61,17,24.75,1.0,14082252.0,2886.0
2026-04-30 14:15:22,2026,4,30,12,15,22,51.017005,3.707334,21.7,17,24.94,1.0,14356702.0,2892.0
2026-04-30 14:15:28,2026,4,30,12,15,28,51.0169383,3.7073853,21.7,17,25.44,1.0,15748293.0,2898.0
2026-04-30 14:15:34,2026,4,30,12,15,34,51.0168617,3.707384,21.78,17,25.87,1.0,20040496.0,2904.0
2026-04-30 14:15:40,2026,4,30,12,15,40,51.0167909,3.7073426,21.96,17,26.31,1.0,20681052.0,2910.0
2026-04-30 14:15:46,2026,4,30,12,15,46,51.0167303,3.7072755,22.12,17,26.69,1.0,21672652.0,2916.0
2026-04-30 14:15:52,2026,4,30,12,15,52,51.0166703,3.7072299,22.4,17,27.12,1.0,20469358.0,2922.0
2026-04-30 14:15:58,2026,4,30,12,15,58,51.0166008,3.707188,22.66,18,27.62,1.0,20488662.0,2928.0
2026-04-30 14:16:04,2026,4,30,12,16,4,51.0165308,3.7071418,22.88,17,28.12,1.0,20610146.0,2934.0
2026-04-30 14:16:10,2026,4,30,12,16,10,51.0164606,3.7071108,23.04,17,28.5,1.0,19908888.0,2940.0
2026-04-30 14:16:16,2026,4,30,12,16,16,51.0163842,3.7070667,23.09,17,28.69,1.0,20384254.0,2946.0
2026-04-30 14:16:22,2026,4,30,12,16,22,51.016319,3.7070105,23.06,16,28.94,1.0,21304990.0,2952.0
2026-04-30 14:16:28,2026,4,30,12,16,28,51.0162877,3.7069225,23.26,17,29.06,1.0,25477356.0,2958.0
2026-04-30 14:16:34,2026,4,30,12,16,34,51.016303,3.7068146,23.39,17,29.44,1.0,29687860.0,2964.0
2026-04-30 14:16:40,2026,4,30,12,16,40,51.0163285,3.7067106,23.51,17,29.5,1.0,29262916.0,2970.0
2026-04-30 14:16:46,2026,4,30,12,16,46,51.0163463,3.7066068,23.59,17,29.5,1.0,28217336.0,2976.0
2026-04-30 14:16:52,2026,4,30,12,16,52,51.0163499,3.7064849,23.65,16,29.44,1.0,28325002.0,2982.0
2026-04-30 14:16:58,2026,4,30,12,16,58,51.0163814,3.7063787,23.49,16,29.44,1.0,29987626.0,2988.0
2026-04-30 14:17:04,2026,4,30,12,17,4,51.0164156,3.7062776,23.34,16,29.25,1.0,30035350.0,2994.0
2026-04-30 14:17:10,2026,4,30,12,17,10,51.016447,3.7061688,23.16,16,28.44,1.0,28925972.0,3000.0
2026-04-30 14:17:16,2026,4,30,12,17,16,51.0164791,3.7060651,23.33,16,27.94,1.0,30207040.0,3006.0
2026-04-30 14:17:22,2026,4,30,12,17,22,51.0165119,3.7059648,23.44,17,27.87,1.0,29825036.0,3012.0
2026-04-30 14:17:28,2026,4,30,12,17,28,51.016547,3.705861,23.52,16,27.81,1.0,29746836.0,3018.0
2026-04-30 14:17:34,2026,4,30,12,17,34,51.0165826,3.7057586,23.5,16,27.81,1.0,30273052.0,3024.0
2026-04-30 14:17:40,2026,4,30,12,17,40,51.0166218,3.7056645,23.47,16,27.87,1.0,31089070.0,3030.0
2026-04-30 14:17:46,2026,4,30,12,17,46,51.0166691,3.7055735,23.36,16,28.0,1.0,30502572.0,3036.0
2026-04-30 14:17:52,2026,4,30,12,17,52,51.0167123,3.705468,23.41,16,28.06,1.0,30188856.0,3042.0
2026-04-30 14:17:58,2026,4,30,12,17,58,51.016748,3.7053742,23.36,16,28.12,1.0,29901632.0,3048.0
2026-04-30 14:18:04,2026,4,30,12,18,4,51.0167891,3.7052774,23.4,16,28.19,1.0,30199176.0,3054.0
2026-04-30 14:18:10,2026,4,30,12,18,10,51.0168254,3.7052012,23.35,17,28.25,1.0,30326600.0,3060.0
2026-04-30 14:18:16,2026,4,30,12,18,16,51.0168672,3.7051007,23.25,16,28.31,1.0,30261678.0,3066.0
2026-04-30 14:18:22,2026,4,30,12,18,22,51.0169096,3.7050059,23.27,17,27.94,0.0,30204716.0,3072.0
2026-04-30 14:18:28,2026,4,30,12,18,28,51.0169391,3.7049143,23.26,17,27.94,1.0,30086572.0,3078.0
2026-04-30 14:18:34,2026,4,30,12,18,34,51.016976,3.7048106,23.45,17,27.87,1.0,30061620.0,3084.0
2026-04-30 14:18:40,2026,4,30,12,18,40,51.0170118,3.704705,23.45,16,28.12,1.0,29644750.0,3090.0
2026-04-30 14:18:46,2026,4,30,12,18,46,51.0170483,3.7045992,23.47,16,28.56,1.0,29879886.0,3096.0
2026-04-30 14:18:52,2026,4,30,12,18,52,51.0170864,3.7044907,23.62,16,28.81,1.0,29947604.0,3102.0
2026-04-30 14:18:58,2026,4,30,12,18,58,51.0171235,3.704387,23.66,16,29.19,1.0,29981788.0,3108.0
2026-04-30 14:19:04,2026,4,30,12,19,4,51.0171678,3.7042855,23.82,16,29.69,1.0,30112594.0,3114.0
2026-04-30 14:19:10,2026,4,30,12,19,10,51.0172076,3.7041856,23.79,15,29.94,1.0,30192604.0,3120.0
2026-04-30 14:19:16,2026,4,30,12,19,16,51.0172505,3.7040831,23.92,16,30.12,1.0,30200988.0,3126.0
2026-04-30 14:19:22,2026,4,30,12,19,22,51.0172957,3.7039854,24.0,16,30.19,1.0,29700508.0,3132.0
2026-04-30 14:19:28,2026,4,30,12,19,28,51.0173386,3.7038828,24.1,16,30.37,1.0,29442072.0,3138.0
2026-04-30 14:19:34,2026,4,30,12,19,34,51.0173827,3.7037875,24.18,16,30.69,1.0,30824950.0,3144.0
2026-04-30 14:19:40,2026,4,30,12,19,40,51.0174209,3.7036876,24.22,17,30.87,1.0,30148870.0,3150.0
2026-04-30 14:19:46,2026,4,30,12,19,46,51.0174568,3.7035962,23.96,16,30.87,1.0,30346014.0,3156.0
2026-04-30 14:19:52,2026,4,30,12,19,52,51.0174507,3.7035205,23.62,16,30.94,1.0,22585688.0,3162.0
2026-04-30 14:19:58,2026,4,30,12,19,58,51.0174256,3.7034271,23.57,17,30.75,1.0,24080340.0,3168.0
2026-04-30 14:20:04,2026,4,30,12,20,4,51.0174048,3.7033387,23.17,16,30.06,1.0,26586364.0,3174.0
2026-04-30 14:20:10,2026,4,30,12,20,10,51.0174005,3.7032582,23.04,16,28.94,0.0,26908604.0,3180.0
2026-04-30 14:20:16,2026,4,30,12,20,16,51.0174083,3.7031779,23.26,16,28.25,1.0,27652942.0,3186.0
2026-04-30 14:20:22,2026,4,30,12,20,22,51.0174028,3.703077,23.34,19,28.25,1.0,26297780.0,3192.0
2026-04-30 14:20:28,2026,4,30,12,20,28,51.0174008,3.7029889,23.51,17,28.56,1.0,26925450.0,3198.0
2026-04-30 14:20:34,2026,4,30,12,20,34,51.0174005,3.702894,23.51,17,29.0,1.0,26262876.0,3204.0
2026-04-30 14:20:40,2026,4,30,12,20,40,51.0173917,3.7028047,23.5,17,29.37,1.0,25289952.0,3210.0
2026-04-30 14:20:46,2026,4,30,12,20,46,51.0173813,3.7027125,23.41,18,29.94,1.0,25954916.0,3216.0
2026-04-30 14:20:52,2026,4,30,12,20,52,51.0173841,3.7026267,23.66,20,30.06,0.0,26958312.0,3222.0
2026-04-30 14:20:58,2026,4,30,12,20,58,51.0173686,3.7025414,23.88,22,30.56,1.0,25243052.0,3228.0
2026-04-30 14:21:04,2026,4,30,12,21,4,51.0173566,3.7024504,23.95,20,31.12,1.0,26552278.0,3234.0
2026-04-30 14:21:10,2026,4,30,12,21,10,51.0173468,3.702366,23.88,18,31.31,1.0,24527116.0,3240.0
2026-04-30 14:21:16,2026,4,30,12,21,16,51.0173605,3.7022753,24.09,21,31.44,1.0,28759738.0,3246.0
2026-04-30 14:21:22,2026,4,30,12,21,22,51.0173692,3.7021897,24.12,17,31.62,0.0,30023044.0,3252.0
2026-04-30 14:21:28,2026,4,30,12,21,28,51.0173782,3.7021148,24.17,16,31.69,0.0,30037624.0,3258.0
2026-04-30 14:21:34,2026,4,30,12,21,34,51.0174088,3.7020507,24.21,16,32.0,1.0,32059446.0,3264.0
2026-04-30 14:21:40,2026,4,30,12,21,40,51.0174613,3.702009,24.34,16,32.0,1.0,34614048.0,3270.0
2026-04-30 14:21:46,2026,4,30,12,21,46,51.0175277,3.7019884,24.44,17,32.0,1.0,35239984.0,3276.0
2026-04-30 14:21:52,2026,4,30,12,21,52,51.0175822,3.7019653,24.46,17,31.94,0.0,34270124.0,3282.0
2026-04-30 14:21:58,2026,4,30,12,21,58,51.0176365,3.7019553,24.49,16,31.94,0.0,35316160.0,3288.0
2026-04-30 14:22:04,2026,4,30,12,22,4,51.0176904,3.7019491,24.52,16,31.81,0.0,210718.0,3294.0
2026-04-30 14:22:10,2026,4,30,12,22,10,51.0177521,3.7019484,24.53,16,31.62,1.0,667587.0,3300.0
2026-04-30 14:22:16,2026,4,30,12,22,16,51.0178142,3.7019556,24.52,16,31.37,1.0,391522.0,3306.0
2026-04-30 14:22:22,2026,4,30,12,22,22,51.0178737,3.7019454,24.57,18,31.25,0.0,34705880.0,3312.0
2026-04-30 14:22:28,2026,4,30,12,22,28,51.0179279,3.7019268,24.64,18,31.25,1.0,35217036.0,3318.0
2026-04-30 14:22:34,2026,4,30,12,22,34,51.0179821,3.7019279,24.72,19,31.31,0.0,161172.0,3324.0
2026-04-30 14:22:40,2026,4,30,12,22,40,51.0180196,3.7019902,24.65,18,31.31,1.0,4442638.0,3330.0
2026-04-30 14:22:46,2026,4,30,12,22,46,51.0180655,3.7020258,24.57,18,30.75,0.0,1524172.0,3336.0
2026-04-30 14:22:52,2026,4,30,12,22,52,51.0181039,3.7019626,24.74,19,30.37,1.0,30276232.0,3342.0
2026-04-30 14:22:58,2026,4,30,12,22,58,51.0181346,3.7018675,24.73,18,30.06,1.0,29803784.0,3348.0
2026-04-30 14:23:04,2026,4,30,12,23,4,51.0181671,3.701771,24.59,16,30.19,1.0,30063654.0,3354.0
2026-04-30 14:23:10,2026,4,30,12,23,10,51.0181964,3.701682,24.49,16,30.25,1.0,30097294.0,3360.0
2026-04-30 14:23:16,2026,4,30,12,23,16,51.0182327,3.7015943,24.43,16,30.44,1.0,30283016.0,3366.0
2026-04-30 14:23:22,2026,4,30,12,23,22,51.018268,3.7015107,24.54,16,30.5,1.0,30371908.0,3372.0
2026-04-30 14:23:28,2026,4,30,12,23,28,51.0183019,3.7014297,24.71,16,30.69,1.0,30398186.0,3378.0
2026-04-30 14:23:34,2026,4,30,12,23,34,51.0183497,3.7013976,24.65,18,30.69,1.0,1643507.0,3384.0
2026-04-30 14:23:40,2026,4,30,12,23,40,51.0184022,3.7014798,24.58,16,30.5,1.0,4162730.0,3390.0
2026-04-30 14:23:46,2026,4,30,12,23,46,51.0184451,3.7015519,24.55,17,29.94,1.0,5344114.0,3396.0
2026-04-30 14:23:52,2026,4,30,12,23,52,51.018483,3.7016329,24.24,16,29.25,1.0,5398434.0,3402.0
2026-04-30 14:23:58,2026,4,30,12,23,58,51.0185183,3.7017199,24.11,16,28.25,1.0,5709479.0,3408.0
2026-04-30 14:24:04,2026,4,30,12,24,4,51.0185553,3.7018095,23.86,16,27.37,1.0,5698924.0,3414.0
2026-04-30 14:24:10,2026,4,30,12,24,10,51.0185934,3.7019006,23.83,16,26.62,1.0,5349188.0,3420.0
2026-04-30 14:24:16,2026,4,30,12,24,16,51.0186239,3.7019977,23.63,17,25.87,1.0,6397118.0,3426.0
2026-04-30 14:24:22,2026,4,30,12,24,22,51.0186622,3.7020925,23.52,17,25.25,1.0,5693018.0,3432.0
2026-04-30 14:24:28,2026,4,30,12,24,28,51.0186971,3.7021844,23.41,17,24.75,1.0,5608006.0,3438.0
2026-04-30 14:24:34,2026,4,30,12,24,34,51.0187346,3.7022735,23.3,17,24.44,1.0,5403015.0,3444.0
2026-04-30 14:24:40,2026,4,30,12,24,40,51.0187737,3.7023635,22.95,17,24.12,1.0,5796999.0,3450.0
2026-04-30 14:24:46,2026,4,30,12,24,46,51.0188201,3.7024558,22.64,17,23.75,1.0,5381385.0,3456.0
2026-04-30 14:24:52,2026,4,30,12,24,52,51.0188624,3.7025429,22.32,17,23.31,1.0,5717168.0,3462.0
2026-04-30 14:24:58,2026,4,30,12,24,58,51.0189012,3.7026358,22.19,18,22.94,1.0,5615772.0,3468.0
2026-04-30 14:25:04,2026,4,30,12,25,4,51.0189377,3.702719,22.05,18,22.75,1.0,5213452.0,3474.0
2026-04-30 14:25:10,2026,4,30,12,25,10,51.0189725,3.7028136,21.99,18,22.31,1.0,6221136.0,3480.0
2026-04-30 14:25:16,2026,4,30,12,25,16,51.0190115,3.7029099,22.01,19,22.19,1.0,5741555.0,3486.0
2026-04-30 14:25:22,2026,4,30,12,25,22,51.0190523,3.7030091,22.03,19,22.0,1.0,5192991.0,3492.0
2026-04-30 14:25:28,2026,4,30,12,25,28,51.0190901,3.7031069,22.06,19,21.81,1.0,5737899.0,3498.0
2026-04-30 14:25:34,2026,4,30,12,25,34,51.0191426,3.7032029,22.05,20,21.69,1.0,4980291.0,3504.0
2026-04-30 14:25:40,2026,4,30,12,25,40,51.0192016,3.7032957,22.02,18,21.44,1.0,3825999.0,3510.0
2026-04-30 14:25:46,2026,4,30,12,25,46,51.0192464,3.7033738,21.9,18,21.44,1.0,4808138.0,3516.0
2026-04-30 14:25:52,2026,4,30,12,25,52,51.0192881,3.7034605,21.81,18,21.44,1.0,5910698.0,3522.0
2026-04-30 14:25:58,2026,4,30,12,25,58,51.0193287,3.7035464,21.75,18,21.69,1.0,5202200.0,3528.0
2026-04-30 14:26:04,2026,4,30,12,26,4,51.0193701,3.7036405,21.72,18,22.12,1.0,5074402.0,3534.0
2026-04-30 14:26:10,2026,4,30,12,26,10,51.0194073,3.7037268,21.53,17,22.56,1.0,5921359.0,3540.0
2026-04-30 14:26:16,2026,4,30,12,26,16,51.0194514,3.703828,21.39,18,22.94,1.0,6360291.0,3546.0
2026-04-30 14:26:22,2026,4,30,12,26,22,51.0194833,3.7039191,21.28,17,23.12,1.0,5441966.0,3552.0
2026-04-30 14:26:28,2026,4,30,12,26,28,51.019531,3.704003,21.22,18,23.06,1.0,5029640.0,3558.0
2026-04-30 14:26:34,2026,4,30,12,26,34,51.0195783,3.7040908,21.07,17,23.12,1.0,5301980.0,3564.0
2026-04-30 14:26:40,2026,4,30,12,26,40,51.0196177,3.7041826,20.97,17,23.44,1.0,5324196.0,3570.0
2026-04-30 14:26:46,2026,4,30,12,26,46,51.0196603,3.7042842,20.93,17,23.56,1.0,5587866.0,3576.0
2026-04-30 14:26:52,2026,4,30,12,26,52,51.019703,3.7043763,20.89,18,23.44,1.0,5463599.0,3582.0
2026-04-30 14:26:58,2026,4,30,12,26,58,51.0197457,3.704469,20.77,18,23.31,1.0,5288384.0,3588.0
2026-04-30 14:27:04,2026,4,30,12,27,4,51.0197929,3.7045631,20.77,18,23.31,1.0,5281490.0,3594.0
2026-04-30 14:27:10,2026,4,30,12,27,10,51.0198313,3.7046652,20.74,18,23.31,1.0,5952338.0,3600.0
2026-04-30 14:27:16,2026,4,30,12,27,16,51.0198708,3.7047698,20.68,18,23.31,1.0,5092883.0,3606.0
2026-04-30 14:27:22,2026,4,30,12,27,22,51.0199079,3.7048713,20.46,18,23.25,1.0,5997435.0,3612.0
2026-04-30 14:27:28,2026,4,30,12,27,28,51.019944,3.7049709,20.28,18,22.87,1.0,5511999.0,3618.0
2026-04-30 14:27:34,2026,4,30,12,27,34,51.0199823,3.7050618,20.17,18,22.5,1.0,5826004.0,3624.0
2026-04-30 14:27:40,2026,4,30,12,27,40,51.0200171,3.7051618,19.84,18,21.94,1.0,6117470.0,3630.0
2026-04-30 14:27:46,2026,4,30,12,27,46,51.0200457,3.7052608,19.77,19,21.75,1.0,6512000.0,3636.0
2026-04-30 14:27:52,2026,4,30,12,27,52,51.0200773,3.7053624,19.67,19,21.69,1.0,6496062.0,3642.0
2026-04-30 14:27:58,2026,4,30,12,27,58,51.0201075,3.705473,19.57,19,21.69,1.0,6478707.0,3648.0
2026-04-30 14:28:04,2026,4,30,12,28,4,51.0201373,3.705579,19.51,19,21.75,1.0,7216486.0,3654.0
2026-04-30 14:28:10,2026,4,30,12,28,10,51.0201641,3.7056863,19.63,19,22.0,1.0,6923664.0,3660.0
2026-04-30 14:28:16,2026,4,30,12,28,16,51.020199,3.7057874,19.77,19,22.06,1.0,6339284.0,3666.0
2026-04-30 14:28:22,2026,4,30,12,28,22,51.0202297,3.7058845,19.82,18,22.12,1.0,6187343.0,3672.0
2026-04-30 14:28:28,2026,4,30,12,28,28,51.0202653,3.7059868,19.66,19,21.44,1.0,6040435.0,3678.0
2026-04-30 14:28:34,2026,4,30,12,28,34,51.0203022,3.7060889,19.69,18,20.75,1.0,6003698.0,3684.0
2026-04-30 14:28:40,2026,4,30,12,28,40,51.0203398,3.7061882,19.83,18,20.31,1.0,5522587.0,3690.0
2026-04-30 14:28:46,2026,4,30,12,28,46,51.0203784,3.7062841,19.9,18,20.25,1.0,5636272.0,3696.0
2026-04-30 14:28:52,2026,4,30,12,28,52,51.0204218,3.7063834,20.02,18,20.19,1.0,5432269.0,3702.0
2026-04-30 14:28:58,2026,4,30,12,28,58,51.0204625,3.7064793,20.13,18,20.19,1.0,5804683.0,3708.0
2026-04-30 14:29:04,2026,4,30,12,29,4,51.0205015,3.7065758,20.24,18,20.12,1.0,5664131.0,3714.0
2026-04-30 14:29:10,2026,4,30,12,29,10,51.0205436,3.7066689,20.31,18,20.25,1.0,5506733.0,3720.0
2026-04-30 14:29:16,2026,4,30,12,29,16,51.0205841,3.7067648,20.46,18,20.31,1.0,6219835.0,3726.0
2026-04-30 14:29:22,2026,4,30,12,29,22,51.0206277,3.706856,20.51,18,20.44,1.0,5606500.0,3732.0
2026-04-30 14:29:28,2026,4,30,12,29,28,51.0206564,3.7069434,20.46,18,20.5,0.0,7961482.0,3738.0
2026-04-30 14:29:34,2026,4,30,12,29,34,51.0206962,3.7070229,20.57,19,20.62,1.0,4906962.0,3744.0
2026-04-30 14:29:40,2026,4,30,12,29,40,51.0207399,3.7071197,20.73,19,20.75,1.0,5662165.0,3750.0
2026-04-30 14:29:46,2026,4,30,12,29,46,51.0207808,3.7072144,20.86,18,20.87,1.0,5727105.0,3756.0
2026-04-30 14:29:52,2026,4,30,12,29,52,51.0208204,3.7073058,20.93,18,21.0,1.0,5521010.0,3762.0
2026-04-30 14:29:58,2026,4,30,12,29,58,51.0208602,3.7073954,20.87,18,21.19,1.0,5892587.0,3768.0
2026-04-30 14:30:04,2026,4,30,12,30,4,51.0209,3.7074908,20.81,18,21.25,1.0,5381858.0,3774.0
2026-04-30 14:30:10,2026,4,30,12,30,10,51.020939,3.7075848,20.8,18,21.25,1.0,5492385.0,3780.0
2026-04-30 14:30:16,2026,4,30,12,30,16,51.0209796,3.707651,20.92,18,21.44,1.0,2850153.0,3786.0
2026-04-30 14:30:22,2026,4,30,12,30,22,51.0210279,3.7076782,21.1,18,21.62,0.0,2417646.0,3792.0
2026-04-30 14:30:28,2026,4,30,12,30,28,51.0210973,3.7076448,21.23,18,22.0,1.0,34477640.0,3798.0
2026-04-30 14:30:34,2026,4,30,12,30,34,51.0211501,3.7076841,21.31,18,22.56,1.0,5215910.0,3804.0
2026-04-30 14:30:40,2026,4,30,12,30,40,51.0211871,3.7077714,21.28,18,23.0,1.0,4983788.0,3810.0
2026-04-30 14:30:46,2026,4,30,12,30,46,51.0212293,3.7078599,21.42,19,23.06,1.0,5554827.0,3816.0
2026-04-30 14:30:52,2026,4,30,12,30,52,51.0212685,3.7079512,21.43,18,23.19,1.0,5303328.0,3822.0
2026-04-30 14:30:58,2026,4,30,12,30,58,51.021303,3.7080368,21.5,18,23.19,1.0,5705696.0,3828.0
2026-04-30 14:31:04,2026,4,30,12,31,4,51.0213392,3.7081087,21.61,18,23.25,1.0,5442510.0,3834.0
2026-04-30 14:31:10,2026,4,30,12,31,10,51.0213791,3.7081967,21.65,18,23.25,1.0,6125961.0,3840.0
2026-04-30 14:31:16,2026,4,30,12,31,16,51.0214162,3.7082889,21.66,17,23.37,1.0,5684110.0,3846.0
2026-04-30 14:31:22,2026,4,30,12,31,22,51.0214531,3.7083764,21.78,17,23.62,0.0,5673971.0,3852.0
2026-04-30 14:31:28,2026,4,30,12,31,28,51.0214951,3.708454,21.89,18,23.75,1.0,5414612.0,3858.0
2026-04-30 14:31:34,2026,4,30,12,31,34,51.0215298,3.7085496,21.87,17,23.75,1.0,5862834.0,3864.0
2026-04-30 14:31:40,2026,4,30,12,31,40,51.0215696,3.7086455,21.82,17,23.81,1.0,5645785.0,3870.0
2026-04-30 14:31:46,2026,4,30,12,31,46,51.0216061,3.7087409,21.65,18,23.81,1.0,5639548.0,3876.0
2026-04-30 14:31:52,2026,4,30,12,31,52,51.0216471,3.7088275,21.46,17,23.69,1.0,5964539.0,3882.0
2026-04-30 14:31:58,2026,4,30,12,31,58,51.0216988,3.708912,21.33,17,23.25,1.0,4368424.0,3888.0
2026-04-30 14:32:04,2026,4,30,12,32,4,51.0217571,3.7089741,21.42,17,23.12,1.0,3205747.0,3894.0
2026-04-30 14:32:10,2026,4,30,12,32,10,51.0218197,3.7090254,21.4,18,23.12,1.0,1866972.0,3900.0
2026-04-30 14:32:16,2026,4,30,12,32,16,51.0218776,3.7090996,21.44,18,23.0,1.0,4901191.0,3906.0
2026-04-30 14:32:22,2026,4,30,12,32,22,51.0219148,3.7092043,21.45,18,23.0,0.0,6439789.0,3912.0
2026-04-30 14:32:28,2026,4,30,12,32,28,51.021925,3.7092201,21.55,18,23.12,0.0,2262329.0,3918.0
2026-04-30 14:32:34,2026,4,30,12,32,34,51.0219276,3.7092215,21.58,18,23.44,0.0,2262329.0,3924.0
2026-04-30 14:32:40,2026,4,30,12,32,40,51.0219275,3.7092174,21.58,18,23.44,0.0,2262329.0,3930.0
2026-04-30 14:32:46,2026,4,30,12,32,46,51.0219275,3.7092194,21.57,18,23.37,0.0,2262329.0,3936.0
2026-04-30 14:32:52,2026,4,30,12,32,52,51.0219279,3.7092195,21.6,19,23.25,0.0,2262329.0,3942.0
2026-04-30 14:32:58,2026,4,30,12,32,58,51.0219278,3.7092246,21.63,18,23.12,0.0,2262329.0,3948.0
2026-04-30 14:33:04,2026,4,30,12,33,4,51.0219291,3.7092235,21.66,18,22.94,0.0,2262329.0,3954.0
2026-04-30 14:33:10,2026,4,30,12,33,10,51.0219302,3.7092203,21.7,18,22.81,0.0,2262329.0,3960.0
2026-04-30 14:33:16,2026,4,30,12,33,16,51.0219325,3.7092167,21.74,18,22.75,0.0,2262329.0,3966.0
2026-04-30 14:33:22,2026,4,30,12,33,22,51.021956,3.7092945,21.72,18,22.75,1.0,6097793.0,3972.0
2026-04-30 14:33:28,2026,4,30,12,33,28,51.022017,3.7093722,21.77,18,22.75,1.0,3466636.0,3978.0
2026-04-30 14:33:34,2026,4,30,12,33,34,51.0220786,3.7093889,21.86,18,22.81,1.0,35975144.0,3984.0
2026-04-30 14:33:40,2026,4,30,12,33,40,51.0221467,3.7093955,21.99,18,22.81,1.0,354564.0,3990.0
2026-04-30 14:33:46,2026,4,30,12,33,46,51.0222047,3.7094085,21.93,18,22.94,1.0,30786.0,3996.0
2026-04-30 14:33:52,2026,4,30,12,33,52,51.0222756,3.7094153,21.83,18,23.0,1.0,35998856.0,4002.0
2026-04-30 14:33:58,2026,4,30,12,33,58,51.0223424,3.7094212,21.86,19,23.0,1.0,248349.0,4008.0
2026-04-30 14:34:04,2026,4,30,12,34,4,51.0224095,3.7094308,21.91,19,23.06,1.0,197607.0,4014.0
2026-04-30 14:34:10,2026,4,30,12,34,10,51.0224817,3.7094405,22.01,18,23.12,1.0,346692.0,4020.0
2026-04-30 14:34:16,2026,4,30,12,34,16,51.0225453,3.7094554,22.11,18,23.5,1.0,35927428.0,4026.0
2026-04-30 14:34:22,2026,4,30,12,34,22,51.0226181,3.7094601,21.96,18,23.56,1.0,314617.0,4032.0
2026-04-30 14:34:28,2026,4,30,12,34,28,51.0226931,3.709462,22.06,18,23.5,1.0,372572.0,4038.0
2026-04-30 14:34:34,2026,4,30,12,34,34,51.022752,3.7094536,22.11,18,23.44,1.0,35532960.0,4044.0
2026-04-30 14:34:40,2026,4,30,12,34,40,51.0228377,3.7094583,22.25,18,23.44,1.0,35825292.0,4050.0
2026-04-30 14:34:46,2026,4,30,12,34,46,51.0229127,3.7094568,22.4,18,23.75,0.0,493905.0,4056.0
2026-04-30 14:34:52,2026,4,30,12,34,52,51.0229756,3.7094602,22.44,18,24.06,0.0,35434932.0,4062.0
2026-04-30 14:34:58,2026,4,30,12,34,58,51.023052,3.7094602,22.51,18,24.25,1.0,240799.0,4068.0
2026-04-30 14:35:04,2026,4,30,12,35,4,51.0231176,3.7094555,22.56,19,24.56,1.0,35948168.0,4074.0
2026-04-30 14:35:10,2026,4,30,12,35,10,51.0231928,3.7094608,22.61,19,24.56,1.0,484566.0,4080.0
2026-04-30 14:35:16,2026,4,30,12,35,16,51.0232611,3.709462,22.73,20,24.56,1.0,38661.0,4086.0
2026-04-30 14:35:22,2026,4,30,12,35,22,51.023349,3.7094548,22.83,21,24.75,1.0,711170.0,4092.0
2026-04-30 14:35:28,2026,4,30,12,35,28,51.0234154,3.709465,22.73,20,24.81,1.0,998094.0,4098.0
2026-04-30 14:35:34,2026,4,30,12,35,34,51.0234924,3.7094662,22.52,18,24.75,1.0,281684.0,4104.0
2026-04-30 14:35:40,2026,4,30,12,35,40,51.0235562,3.709487,22.56,17,24.5,1.0,1514205.0,4110.0
2026-04-30 14:35:46,2026,4,30,12,35,46,51.0236316,3.7094972,22.47,17,24.37,1.0,656240.0,4116.0
2026-04-30 14:35:52,2026,4,30,12,35,52,51.0237031,3.7095088,22.44,17,24.19,1.0,670338.0,4122.0
2026-04-30 14:35:58,2026,4,30,12,35,58,51.0237711,3.7095221,22.31,18,24.0,1.0,1404825.0,4128.0
2026-04-30 14:36:04,2026,4,30,12,36,4,51.0238474,3.7095495,22.34,18,23.81,1.0,701324.0,4134.0
2026-04-30 14:36:10,2026,4,30,12,36,10,51.0239165,3.7095726,22.43,19,23.56,1.0,817208.0,4140.0
2026-04-30 14:36:16,2026,4,30,12,36,16,51.0239898,3.7096027,22.36,18,23.5,1.0,1364491.0,4146.0
2026-04-30 14:36:22,2026,4,30,12,36,22,51.0240584,3.709625,22.12,17,23.5,1.0,1000837.0,4152.0
2026-04-30 14:36:28,2026,4,30,12,36,28,51.0241231,3.7096571,22.07,17,23.31,1.0,1590137.0,4158.0
2026-04-30 14:36:34,2026,4,30,12,36,34,51.0241941,3.7096874,22.08,17,23.12,1.0,1752897.0,4164.0
2026-04-30 14:36:40,2026,4,30,12,36,40,51.0242714,3.7097133,22.16,17,23.06,1.0,1481942.0,4170.0
2026-04-30 14:36:46,2026,4,30,12,36,46,51.0243396,3.7097602,22.07,17,23.06,1.0,3828291.0,4176.0
2026-04-30 14:36:52,2026,4,30,12,36,52,51.0243747,3.7098578,22.13,17,23.06,1.0,6805348.0,4182.0
2026-04-30 14:36:58,2026,4,30,12,36,58,51.0242978,3.7098493,22.3,17,23.25,1.0,19862780.0,4188.0
2026-04-30 14:37:04,2026,4,30,12,37,4,51.0242147,3.7098109,22.49,18,23.87,1.0,19133514.0,4194.0
2026-04-30 14:37:10,2026,4,30,12,37,10,51.0241382,3.70979,22.55,17,24.56,1.0,18191676.0,4200.0
2026-04-30 14:37:16,2026,4,30,12,37,16,51.0240636,3.709771,22.52,17,25.12,1.0,18497708.0,4206.0
2026-04-30 14:37:22,2026,4,30,12,37,22,51.0239829,3.7097767,22.58,17,25.81,1.0,17855922.0,4212.0
2026-04-30 14:37:28,2026,4,30,12,37,28,51.0239133,3.709793,22.68,17,26.12,1.0,17479230.0,4218.0
2026-04-30 14:37:34,2026,4,30,12,37,34,51.0238366,3.709819,22.7,17,26.5,1.0,16833092.0,4224.0
2026-04-30 14:37:40,2026,4,30,12,37,40,51.023774,3.7098688,22.78,18,27.0,1.0,15744042.0,4230.0
2026-04-30 14:37:46,2026,4,30,12,37,46,51.0237107,3.7099169,22.55,17,27.25,1.0,14939640.0,4236.0
2026-04-30 14:37:52,2026,4,30,12,37,52,51.023661,3.7099765,22.55,18,27.25,1.0,13960220.0,4242.0
2026-04-30 14:37:58,2026,4,30,12,37,58,51.0236264,3.7100635,22.42,18,27.37,1.0,12931526.0,4248.0
2026-04-30 14:38:04,2026,4,30,12,38,4,51.0236003,3.7101553,22.34,18,27.37,1.0,11796610.0,4254.0
2026-04-30 14:38:10,2026,4,30,12,38,10,51.0235873,3.7102468,22.31,18,27.5,1.0,10069137.0,4260.0
2026-04-30 14:38:16,2026,4,30,12,38,16,51.0235829,3.7103461,22.26,18,27.56,1.0,10451935.0,4266.0
2026-04-30 14:38:22,2026,4,30,12,38,22,51.0235616,3.7104522,22.23,18,27.69,1.0,10669971.0,4272.0
2026-04-30 14:38:28,2026,4,30,12,38,28,51.0235326,3.7105578,22.22,17,27.94,1.0,11732111.0,4278.0
2026-04-30 14:38:34,2026,4,30,12,38,34,51.0235024,3.7106497,22.15,17,28.19,1.0,11729711.0,4284.0
2026-04-30 14:38:40,2026,4,30,12,38,40,51.023481,3.710739,21.94,18,28.19,1.0,10616104.0,4290.0
2026-04-30 14:38:46,2026,4,30,12,38,46,51.0234523,3.7108436,21.37,17,27.94,1.0,11085786.0,4296.0
2026-04-30 14:38:52,2026,4,30,12,38,52,51.0234183,3.7109321,20.94,18,27.25,1.0,11859689.0,4302.0
2026-04-30 14:38:58,2026,4,30,12,38,58,51.023371,3.7109729,20.92,18,26.5,0.0,16875588.0,4308.0
2026-04-30 14:39:04,2026,4,30,12,39,4,51.0233179,3.7109972,20.94,19,26.12,0.0,16872646.0,4314.0
2026-04-30 14:39:10,2026,4,30,12,39,10,51.023277,3.7109909,21.12,20,26.06,0.0,18399352.0,4320.0
2026-04-30 14:39:16,2026,4,30,12,39,16,51.0232797,3.7109888,21.11,18,25.69,0.0,12295866.0,4326.0
2026-04-30 14:39:22,2026,4,30,12,39,22,51.0232792,3.7109856,21.04,18,25.25,0.0,8950591.0,4332.0
2026-04-30 14:39:28,2026,4,30,12,39,28,51.0232835,3.7109869,20.83,18,25.0,0.0,8950591.0,4338.0
